--
-- PostgreSQL database dump
--

-- Dumped from database version 16.1
-- Dumped by pg_dump version 16.1

SET statement_timeout = 0;
SET lock_timeout = 0;
SET idle_in_transaction_session_timeout = 0;
SET client_encoding = 'UTF8';
SET standard_conforming_strings = on;
SELECT pg_catalog.set_config('search_path', '', false);
SET check_function_bodies = false;
SET xmloption = content;
SET client_min_messages = warning;
SET row_security = off;

SET default_tablespace = '';

SET default_table_access_method = heap;

--
-- Name: auth_group; Type: TABLE; Schema: public; Owner: faran
--

CREATE TABLE public.auth_group (
    id integer NOT NULL,
    name character varying(150) NOT NULL
);


ALTER TABLE public.auth_group OWNER TO faran;

--
-- Name: auth_group_id_seq; Type: SEQUENCE; Schema: public; Owner: faran
--

ALTER TABLE public.auth_group ALTER COLUMN id ADD GENERATED BY DEFAULT AS IDENTITY (
    SEQUENCE NAME public.auth_group_id_seq
    START WITH 1
    INCREMENT BY 1
    NO MINVALUE
    NO MAXVALUE
    CACHE 1
);


--
-- Name: auth_group_permissions; Type: TABLE; Schema: public; Owner: faran
--

CREATE TABLE public.auth_group_permissions (
    id bigint NOT NULL,
    group_id integer NOT NULL,
    permission_id integer NOT NULL
);


ALTER TABLE public.auth_group_permissions OWNER TO faran;

--
-- Name: auth_group_permissions_id_seq; Type: SEQUENCE; Schema: public; Owner: faran
--

ALTER TABLE public.auth_group_permissions ALTER COLUMN id ADD GENERATED BY DEFAULT AS IDENTITY (
    SEQUENCE NAME public.auth_group_permissions_id_seq
    START WITH 1
    INCREMENT BY 1
    NO MINVALUE
    NO MAXVALUE
    CACHE 1
);


--
-- Name: auth_permission; Type: TABLE; Schema: public; Owner: faran
--

CREATE TABLE public.auth_permission (
    id integer NOT NULL,
    name character varying(255) NOT NULL,
    content_type_id integer NOT NULL,
    codename character varying(100) NOT NULL
);


ALTER TABLE public.auth_permission OWNER TO faran;

--
-- Name: auth_permission_id_seq; Type: SEQUENCE; Schema: public; Owner: faran
--

ALTER TABLE public.auth_permission ALTER COLUMN id ADD GENERATED BY DEFAULT AS IDENTITY (
    SEQUENCE NAME public.auth_permission_id_seq
    START WITH 1
    INCREMENT BY 1
    NO MINVALUE
    NO MAXVALUE
    CACHE 1
);


--
-- Name: core_profile; Type: TABLE; Schema: public; Owner: faran
--

CREATE TABLE public.core_profile (
    id bigint NOT NULL,
    role character varying(1) NOT NULL,
    profile_image character varying(100),
    bio text NOT NULL,
    user_id bigint NOT NULL
);


ALTER TABLE public.core_profile OWNER TO faran;

--
-- Name: core_profile_id_seq; Type: SEQUENCE; Schema: public; Owner: faran
--

ALTER TABLE public.core_profile ALTER COLUMN id ADD GENERATED BY DEFAULT AS IDENTITY (
    SEQUENCE NAME public.core_profile_id_seq
    START WITH 1
    INCREMENT BY 1
    NO MINVALUE
    NO MAXVALUE
    CACHE 1
);


--
-- Name: core_user; Type: TABLE; Schema: public; Owner: faran
--

CREATE TABLE public.core_user (
    id bigint NOT NULL,
    password character varying(128) NOT NULL,
    last_login timestamp with time zone,
    is_superuser boolean NOT NULL,
    username character varying(150) NOT NULL,
    first_name character varying(150) NOT NULL,
    last_name character varying(150) NOT NULL,
    is_staff boolean NOT NULL,
    is_active boolean NOT NULL,
    date_joined timestamp with time zone NOT NULL,
    email character varying(254) NOT NULL
);


ALTER TABLE public.core_user OWNER TO faran;

--
-- Name: core_user_groups; Type: TABLE; Schema: public; Owner: faran
--

CREATE TABLE public.core_user_groups (
    id bigint NOT NULL,
    user_id bigint NOT NULL,
    group_id integer NOT NULL
);


ALTER TABLE public.core_user_groups OWNER TO faran;

--
-- Name: core_user_groups_id_seq; Type: SEQUENCE; Schema: public; Owner: faran
--

ALTER TABLE public.core_user_groups ALTER COLUMN id ADD GENERATED BY DEFAULT AS IDENTITY (
    SEQUENCE NAME public.core_user_groups_id_seq
    START WITH 1
    INCREMENT BY 1
    NO MINVALUE
    NO MAXVALUE
    CACHE 1
);


--
-- Name: core_user_id_seq; Type: SEQUENCE; Schema: public; Owner: faran
--

ALTER TABLE public.core_user ALTER COLUMN id ADD GENERATED BY DEFAULT AS IDENTITY (
    SEQUENCE NAME public.core_user_id_seq
    START WITH 1
    INCREMENT BY 1
    NO MINVALUE
    NO MAXVALUE
    CACHE 1
);


--
-- Name: core_user_user_permissions; Type: TABLE; Schema: public; Owner: faran
--

CREATE TABLE public.core_user_user_permissions (
    id bigint NOT NULL,
    user_id bigint NOT NULL,
    permission_id integer NOT NULL
);


ALTER TABLE public.core_user_user_permissions OWNER TO faran;

--
-- Name: core_user_user_permissions_id_seq; Type: SEQUENCE; Schema: public; Owner: faran
--

ALTER TABLE public.core_user_user_permissions ALTER COLUMN id ADD GENERATED BY DEFAULT AS IDENTITY (
    SEQUENCE NAME public.core_user_user_permissions_id_seq
    START WITH 1
    INCREMENT BY 1
    NO MINVALUE
    NO MAXVALUE
    CACHE 1
);


--
-- Name: course_category; Type: TABLE; Schema: public; Owner: faran
--

CREATE TABLE public.course_category (
    id bigint NOT NULL,
    title character varying(255) NOT NULL,
    slug character varying(50) NOT NULL,
    featured_course_id bigint
);


ALTER TABLE public.course_category OWNER TO faran;

--
-- Name: course_category_id_seq; Type: SEQUENCE; Schema: public; Owner: faran
--

ALTER TABLE public.course_category ALTER COLUMN id ADD GENERATED BY DEFAULT AS IDENTITY (
    SEQUENCE NAME public.course_category_id_seq
    START WITH 1
    INCREMENT BY 1
    NO MINVALUE
    NO MAXVALUE
    CACHE 1
);


--
-- Name: course_course; Type: TABLE; Schema: public; Owner: faran
--

CREATE TABLE public.course_course (
    id bigint NOT NULL,
    title character varying(255) NOT NULL,
    description text NOT NULL,
    thumbnail character varying(100),
    created_at timestamp with time zone NOT NULL,
    updated_at timestamp with time zone NOT NULL,
    is_published boolean NOT NULL,
    category_id bigint NOT NULL,
    instructor_id bigint NOT NULL
);


ALTER TABLE public.course_course OWNER TO faran;

--
-- Name: course_course_id_seq; Type: SEQUENCE; Schema: public; Owner: faran
--

ALTER TABLE public.course_course ALTER COLUMN id ADD GENERATED BY DEFAULT AS IDENTITY (
    SEQUENCE NAME public.course_course_id_seq
    START WITH 1
    INCREMENT BY 1
    NO MINVALUE
    NO MAXVALUE
    CACHE 1
);


--
-- Name: course_enrollment; Type: TABLE; Schema: public; Owner: faran
--

CREATE TABLE public.course_enrollment (
    id bigint NOT NULL,
    enrolled_at timestamp with time zone NOT NULL,
    is_active boolean NOT NULL,
    course_id bigint NOT NULL,
    student_id bigint NOT NULL
);


ALTER TABLE public.course_enrollment OWNER TO faran;

--
-- Name: course_enrollment_id_seq; Type: SEQUENCE; Schema: public; Owner: faran
--

ALTER TABLE public.course_enrollment ALTER COLUMN id ADD GENERATED BY DEFAULT AS IDENTITY (
    SEQUENCE NAME public.course_enrollment_id_seq
    START WITH 1
    INCREMENT BY 1
    NO MINVALUE
    NO MAXVALUE
    CACHE 1
);


--
-- Name: course_lesson; Type: TABLE; Schema: public; Owner: faran
--

CREATE TABLE public.course_lesson (
    id bigint NOT NULL,
    title character varying(255) NOT NULL,
    "order" integer NOT NULL,
    content text NOT NULL,
    video_file character varying(100),
    created_at timestamp with time zone NOT NULL,
    course_id bigint NOT NULL,
    CONSTRAINT course_lesson_order_check CHECK (("order" >= 0))
);


ALTER TABLE public.course_lesson OWNER TO faran;

--
-- Name: course_lesson_id_seq; Type: SEQUENCE; Schema: public; Owner: faran
--

ALTER TABLE public.course_lesson ALTER COLUMN id ADD GENERATED BY DEFAULT AS IDENTITY (
    SEQUENCE NAME public.course_lesson_id_seq
    START WITH 1
    INCREMENT BY 1
    NO MINVALUE
    NO MAXVALUE
    CACHE 1
);


--
-- Name: course_progress; Type: TABLE; Schema: public; Owner: faran
--

CREATE TABLE public.course_progress (
    id bigint NOT NULL,
    is_completed boolean NOT NULL,
    completed_at timestamp with time zone,
    enrollment_id bigint NOT NULL,
    lesson_id bigint NOT NULL
);


ALTER TABLE public.course_progress OWNER TO faran;

--
-- Name: course_progress_id_seq; Type: SEQUENCE; Schema: public; Owner: faran
--

ALTER TABLE public.course_progress ALTER COLUMN id ADD GENERATED BY DEFAULT AS IDENTITY (
    SEQUENCE NAME public.course_progress_id_seq
    START WITH 1
    INCREMENT BY 1
    NO MINVALUE
    NO MAXVALUE
    CACHE 1
);


--
-- Name: debug_toolbar_historyentry; Type: TABLE; Schema: public; Owner: faran
--

CREATE TABLE public.debug_toolbar_historyentry (
    request_id uuid NOT NULL,
    data jsonb NOT NULL,
    created_at timestamp with time zone NOT NULL
);


ALTER TABLE public.debug_toolbar_historyentry OWNER TO faran;

--
-- Name: django_admin_log; Type: TABLE; Schema: public; Owner: faran
--

CREATE TABLE public.django_admin_log (
    id integer NOT NULL,
    action_time timestamp with time zone NOT NULL,
    object_id text,
    object_repr character varying(200) NOT NULL,
    action_flag smallint NOT NULL,
    change_message text NOT NULL,
    content_type_id integer,
    user_id bigint NOT NULL,
    CONSTRAINT django_admin_log_action_flag_check CHECK ((action_flag >= 0))
);


ALTER TABLE public.django_admin_log OWNER TO faran;

--
-- Name: django_admin_log_id_seq; Type: SEQUENCE; Schema: public; Owner: faran
--

ALTER TABLE public.django_admin_log ALTER COLUMN id ADD GENERATED BY DEFAULT AS IDENTITY (
    SEQUENCE NAME public.django_admin_log_id_seq
    START WITH 1
    INCREMENT BY 1
    NO MINVALUE
    NO MAXVALUE
    CACHE 1
);


--
-- Name: django_content_type; Type: TABLE; Schema: public; Owner: faran
--

CREATE TABLE public.django_content_type (
    id integer NOT NULL,
    app_label character varying(100) NOT NULL,
    model character varying(100) NOT NULL
);


ALTER TABLE public.django_content_type OWNER TO faran;

--
-- Name: django_content_type_id_seq; Type: SEQUENCE; Schema: public; Owner: faran
--

ALTER TABLE public.django_content_type ALTER COLUMN id ADD GENERATED BY DEFAULT AS IDENTITY (
    SEQUENCE NAME public.django_content_type_id_seq
    START WITH 1
    INCREMENT BY 1
    NO MINVALUE
    NO MAXVALUE
    CACHE 1
);


--
-- Name: django_migrations; Type: TABLE; Schema: public; Owner: faran
--

CREATE TABLE public.django_migrations (
    id bigint NOT NULL,
    app character varying(255) NOT NULL,
    name character varying(255) NOT NULL,
    applied timestamp with time zone NOT NULL
);


ALTER TABLE public.django_migrations OWNER TO faran;

--
-- Name: django_migrations_id_seq; Type: SEQUENCE; Schema: public; Owner: faran
--

ALTER TABLE public.django_migrations ALTER COLUMN id ADD GENERATED BY DEFAULT AS IDENTITY (
    SEQUENCE NAME public.django_migrations_id_seq
    START WITH 1
    INCREMENT BY 1
    NO MINVALUE
    NO MAXVALUE
    CACHE 1
);


--
-- Name: django_session; Type: TABLE; Schema: public; Owner: faran
--

CREATE TABLE public.django_session (
    session_key character varying(40) NOT NULL,
    session_data text NOT NULL,
    expire_date timestamp with time zone NOT NULL
);


ALTER TABLE public.django_session OWNER TO faran;

--
-- Name: notification_notification; Type: TABLE; Schema: public; Owner: faran
--

CREATE TABLE public.notification_notification (
    id bigint NOT NULL,
    object_id integer NOT NULL,
    message text NOT NULL,
    is_read boolean NOT NULL,
    created_at timestamp with time zone NOT NULL,
    content_type_id integer NOT NULL,
    recipient_id bigint NOT NULL,
    CONSTRAINT notification_notification_object_id_check CHECK ((object_id >= 0))
);


ALTER TABLE public.notification_notification OWNER TO faran;

--
-- Name: notification_notification_id_seq; Type: SEQUENCE; Schema: public; Owner: faran
--

ALTER TABLE public.notification_notification ALTER COLUMN id ADD GENERATED BY DEFAULT AS IDENTITY (
    SEQUENCE NAME public.notification_notification_id_seq
    START WITH 1
    INCREMENT BY 1
    NO MINVALUE
    NO MAXVALUE
    CACHE 1
);


--
-- Name: review_review; Type: TABLE; Schema: public; Owner: faran
--

CREATE TABLE public.review_review (
    id bigint NOT NULL,
    object_id integer NOT NULL,
    rating integer NOT NULL,
    comment text NOT NULL,
    created_at timestamp with time zone NOT NULL,
    reviewer_id bigint NOT NULL,
    content_type_id integer NOT NULL,
    CONSTRAINT review_review_object_id_check CHECK ((object_id >= 0))
);


ALTER TABLE public.review_review OWNER TO faran;

--
-- Name: review_review_id_seq; Type: SEQUENCE; Schema: public; Owner: faran
--

ALTER TABLE public.review_review ALTER COLUMN id ADD GENERATED BY DEFAULT AS IDENTITY (
    SEQUENCE NAME public.review_review_id_seq
    START WITH 1
    INCREMENT BY 1
    NO MINVALUE
    NO MAXVALUE
    CACHE 1
);


--
-- Data for Name: auth_group; Type: TABLE DATA; Schema: public; Owner: faran
--

COPY public.auth_group (id, name) FROM stdin;
\.


--
-- Data for Name: auth_group_permissions; Type: TABLE DATA; Schema: public; Owner: faran
--

COPY public.auth_group_permissions (id, group_id, permission_id) FROM stdin;
\.


--
-- Data for Name: auth_permission; Type: TABLE DATA; Schema: public; Owner: faran
--

COPY public.auth_permission (id, name, content_type_id, codename) FROM stdin;
1	Can add log entry	1	add_logentry
2	Can change log entry	1	change_logentry
3	Can delete log entry	1	delete_logentry
4	Can view log entry	1	view_logentry
5	Can add permission	2	add_permission
6	Can change permission	2	change_permission
7	Can delete permission	2	delete_permission
8	Can view permission	2	view_permission
9	Can add group	3	add_group
10	Can change group	3	change_group
11	Can delete group	3	delete_group
12	Can view group	3	view_group
13	Can add content type	4	add_contenttype
14	Can change content type	4	change_contenttype
15	Can delete content type	4	delete_contenttype
16	Can view content type	4	view_contenttype
17	Can add session	5	add_session
18	Can change session	5	change_session
19	Can delete session	5	delete_session
20	Can view session	5	view_session
21	Can add history entry	6	add_historyentry
22	Can change history entry	6	change_historyentry
23	Can delete history entry	6	delete_historyentry
24	Can view history entry	6	view_historyentry
25	Can add user	7	add_user
26	Can change user	7	change_user
27	Can delete user	7	delete_user
28	Can view user	7	view_user
29	Can add profile	8	add_profile
30	Can change profile	8	change_profile
31	Can delete profile	8	delete_profile
32	Can view profile	8	view_profile
33	Can view history	8	view_history
34	Can add category	9	add_category
35	Can change category	9	change_category
36	Can delete category	9	delete_category
37	Can view category	9	view_category
38	Can add course	10	add_course
39	Can change course	10	change_course
40	Can delete course	10	delete_course
41	Can view course	10	view_course
42	Can add enrollment	11	add_enrollment
43	Can change enrollment	11	change_enrollment
44	Can delete enrollment	11	delete_enrollment
45	Can view enrollment	11	view_enrollment
46	Can add lesson	12	add_lesson
47	Can change lesson	12	change_lesson
48	Can delete lesson	12	delete_lesson
49	Can view lesson	12	view_lesson
50	Can add progress	13	add_progress
51	Can change progress	13	change_progress
52	Can delete progress	13	delete_progress
53	Can view progress	13	view_progress
54	Can add review	14	add_review
55	Can change review	14	change_review
56	Can delete review	14	delete_review
57	Can view review	14	view_review
58	Can add notification	15	add_notification
59	Can change notification	15	change_notification
60	Can delete notification	15	delete_notification
61	Can view notification	15	view_notification
\.


--
-- Data for Name: core_profile; Type: TABLE DATA; Schema: public; Owner: faran
--

COPY public.core_profile (id, role, profile_image, bio, user_id) FROM stdin;
1	S			1
2	I			2
3	I			3
4	S			4
5	S			5
6	S			6
7	S			7
8	S			8
9	I			9
10	S			10
11	S			11
12	S			12
13	S			13
14	I			14
15	I			15
16	I			16
17	S			17
18	S			18
19	S			19
20	S			20
21	S			21
22	S			22
23	I			23
24	I			24
25	I			25
26	I			26
27	S			27
28	I			28
29	I			29
30	S			30
31	I			31
32	S			32
33	S			33
34	I			34
35	S			35
36	S			36
37	I			37
38	S			38
39	S			39
40	S			40
41	I			41
42	I			42
43	I			43
44	S			44
45	S			45
46	S			46
47	S			47
48	S			48
49	I			49
50	S			50
51	I			51
52	I			52
53	I			53
54	S			54
55	I			55
56	S			56
57	S			57
58	I			58
59	S			59
60	S			60
61	S			61
62	I			62
63	I			63
64	S			64
65	S			65
66	S			66
67	I			67
68	I			68
69	I			69
70	S			70
71	S			71
72	S			72
73	I			73
74	I			74
75	I			75
76	I			76
77	I			77
78	I			78
79	S			79
80	I			80
81	I			81
82	I			82
83	S			83
84	S			84
85	S			85
86	I			86
87	S			87
88	I			88
89	S			89
90	S			90
91	I			91
92	I			92
93	S			93
94	I			94
95	S			95
96	I			96
97	S			97
98	I			98
99	S			99
100	I			100
101	I			101
102	S			102
103	I			103
104	S			104
105	S			105
106	S			106
107	S			107
108	S			108
109	S			109
110	I			110
111	S			111
112	S			112
113	S			113
114	S			114
115	S			115
116	I			116
117	I			117
118	S			118
119	S			119
120	I			120
121	S			121
122	S			122
123	I			123
124	S			124
125	S			125
126	S			126
127	I			127
128	S			128
129	S			129
130	I			130
131	I			131
132	S			132
133	S			133
134	S			134
135	S			135
136	S			136
137	I			137
138	I			138
139	S			139
140	I			140
141	I			141
142	S			142
143	S			143
144	S			144
145	I			145
146	S			146
147	I			147
148	S			148
149	I			149
150	S			150
152	S			152
153	I			153
154	S			154
155	I			155
156	S			156
157	I			157
158	I			158
159	I			159
160	I			160
161	S			161
162	I			162
163	S			163
164	S			164
165	I			165
166	I			166
167	S			167
168	S			168
169	I			169
170	S			170
171	I			171
172	I			172
173	S			173
174	I			174
175	S			175
176	I			176
177	I			177
178	I			178
179	S			179
180	I			180
181	S			181
182	S			182
183	I			183
184	I			184
185	I			185
186	S			186
187	S			187
188	I			188
189	S			189
190	S			190
191	I			191
192	S			192
193	S			193
194	I			194
195	I			195
196	S			196
197	I			197
200	I			200
199	I	profiles/IMG_20231112_161135_959.jpg	test test\r\ntestttttt	199
198	S	profiles/photo_2017-11-24_18-12-20.jpg	test student	198
201	I		me	201
151	S		ggggg	151
207	S		c1	203
208	S		a1	204
209	I		a	206
210	S		s	207
211	S		s2	208
\.


--
-- Data for Name: core_user; Type: TABLE DATA; Schema: public; Owner: faran
--

COPY public.core_user (id, password, last_login, is_superuser, username, first_name, last_name, is_staff, is_active, date_joined, email) FROM stdin;
1	ilcKGOQtSwYVWBGHzhfyBCXkwgobBkOCQLwFrtvrrxvxlhWpLcBdiVFXiPnFEZinUjhDvWpDbasZOUHykmZKZDFDMLdxjVYHGAeEvzdWvogLEqZxjYrNcxIkolTXBGKx	\N	f	igElbwMLcEBBNhosPONFhKfpphCaBUoXFAknsWjWZblNQavIKXjvVzgjKaFseSzOhiBGfQZdAllGvvNNjEmrIOSWwvGgZjEVHQdDMkmgxymwFbmCqDOblwbkTPzpkaihLckAJLZAhaHkkuldSoxyEc			f	t	2025-09-18 18:58:51.267822+03:30	hTGIetgsad@example.com
2	iZwVDKAlIdEExaPKlBxylrFVnpSKkhdUShTjJXAoCdDRSKqfWVofykEtSmELSMtgQXlweCBGmNVoBfOelpxMNifFzlcvvorUfWyABsisswIuDsPipbZzjzKsIAzdjTsb	\N	f	FoPLeOdaRHqpZJQRmBidtZTeCuzTGQTsLBaIbyvCqQFgaqTHZIQgbrbtmYGcsAICpInoMkkcXIwHjaVCgVBsJNahlEPZaFPgoBVHuEhKptWSTLirajNiDoiSLPNNMhDNRlkSYIgMZnxldpsEwGEUow			f	t	2025-09-18 18:58:51.283468+03:30	PttwcjzIPN@example.com
3	ROBmqWTLrYhFImAhtUKBFWixooWHBcuKkKVgiHwWwqcpicnNiDITRZGFEPMtVjPZvoGIoAKEbcbrjuqnGDEZAZLMbTuNiDHxVMeriQaurYSWfYEpjwTSnhtEHKmFzTte	\N	f	JcWAVLyXWdRndMBPnKMqYqnkzvPhRypZyDKoDpsBLCBvYdiLTkyDCsCwKVvVlRTIsAXZwJblEkIPTdipXSJdzsbttqjNWAbzytOPJrjbRZJilZfjVarmusXrTGBlmpWTffPFsWViOCRWJTvjKFJdht			f	t	2025-09-18 18:58:51.283468+03:30	BDRjVEQMuj@example.com
4	BDiqFmysDrWRdFWNvpZHjsQyuUjqSmeAnmLFncXWhOJjWXTYjESIblymkhNEnKozESHKmNouduSCjmVJGROaUgvlJbPSIyfzScSwuKNzzQRanJxsgBfoHyKlVMuUxdLu	\N	f	yjAwFqDeRoSrvYsZXfBbqpgbhhioMFzACWwBbRBbRBotXQyoNpVDRgVlaVtsXPpIIuopWFjVSwlfFYzfkmRhufCpkKMEZsYMHWIGZWaaZiNCDozrWkzZgfWiHcItRmwfjjZvrPQGipiUnViNAhBOBL			f	t	2025-09-18 18:58:51.283468+03:30	ozgNGvcEJA@example.com
5	uRHqQYvmnUkHxXHSrhjyemEjSbEowQjUPMxtkBjQqKqVBTKJFvvFbaRSPONlZkyrPyYoAVjOtNHvEETGjBuwqRqKjYQxBKVLbSTefwSRqZjUqgdDNaxjYdFsfXGTskCY	\N	f	ySCNPbItQOJYGQpSSIOCCZhHJMtGmMmAUDYweBLUWdEOhNDBtldvCAQPPxuKvBPMErdOndomHJWWeBCASTwGvtcyKmseRfPHDPUDOzKnJkIjzpUgOwlLXgkbgfSSWgNAkOclTflwIIoxbNFnVUIteD			f	t	2025-09-18 18:58:51.303608+03:30	BhOAscwsvE@example.com
6	PNavegKCqrXLzruSWFSLGlYbGYjrJBTLAYRQPHeYZLBGaEKeBxJufzOaspXwzjCUSjouwzPsfHctFShbGCjcaxZokuWqRlEShWOqnXVnuNDFNGltHywJwkAPvSAJaPyS	\N	f	VpWRCXYcCndlsfZywbwjIpOXaYitoiVpFusllhZohaumwOlVezxcWDlkSAyhPItnXIitzHPIjnlkbnNIftykgRSRstsdUzNwvwrUeRJEGzfRXVGbpqBfYhmjCjFemYSSWiMSVXkssXoiwrSAfAIujk			f	t	2025-09-18 18:58:51.307724+03:30	xHqtMLvCFi@example.com
7	JyvLNWlohYaDWaQSrHVlfSnkBihEaVdEIfqTvJrmdQMnrCuWtXiNrmLRDoaKNvXnPYeKbxtfbGUDIUUOsXmkFZMSfQFPCNfRBpJHBwzimCLfzyaTevdlaQBVLYpmdvvU	\N	f	UwnimRnJjjTdNQDplVqAuKMCjNLzpAVrBfDqwYRFfeFSOBAUMKJzxgplJVMQPSeUjHFWsJCqGbeGjqYuHuhOhrdSRVuqHvgCvaHifjXrGmzvojQizuuNNWRToHrPLrPlerdCYLQAgUQYpFycfrsveS			f	t	2025-09-18 18:58:51.31206+03:30	EPEVLsTwiC@example.com
8	DcAxCLVmakuWIKsuIAWAQNMKkNupNOSSbyFtNminMNiRzSyMayAJYRcvAHUnJXvuAIFmKdGcpMRSlXmAwXtagdsLIJHzxFzvTnzuKNnKoZFWdkEQdeJKEKXZGNTZUsso	\N	f	ishHlBxWPyWYGPoTkkCRuIfpxUIsuzSECTuAMDbiqpWrKARXBajYttMrmZUFNeqHexJImeMuASHfPJNTshCBwkrdBBKmoLslITQBFNvSLjdhOjetNuUZteyvtoDfSMRfMbrZImFFKiTJnSagXLyGtd			f	t	2025-09-18 18:58:51.316095+03:30	JwLSOgVlUg@example.com
9	YgpxZnobtetOTJYWQsbEmPJjkhuRJpMtTazTdMMbGsGjBCWztmnJjjIOkeNKvoAvdwGdJhsfnnfOUUTUvfuMUGNyaCrmTFpyEhCdYOkmJnvltfitOBqyLZJgcXVOKkUA	\N	f	yOTzRrlfAKmfOceocNGMwNYgjylBIoQOjCYIkAIxieNgjwokZTXRxMhKhWXgMjuUObKoSVZhDAfbPtWsBkzXCGmODGeSBOINLAgnLtNFKjPpEWeLBtmOXqSPIyjvAQGQEMSFZWeGAQhBpEduvWXROx			f	t	2025-09-18 18:58:51.319058+03:30	dVqtbLZEts@example.com
10	pUiucbdWHtbxioJBWgSejUBgRIkXHDtwHIvgVVChPPaRmQbHsKacfRsWnwvQYgyJcqJxCRiKwllEcxofDwiXJUIUwHRPleSxJWsOinXicHdhZSFHNjAcVfPMzuuilUVp	\N	f	dTFoTRunbUHecpszcsLHZbzTxgbHCIlaNkpyRzOzGMWemlkepSNCfAMsNqyyuxPDufDDZIZrpsIXgdvrrIVtWnzvvXdPaxPaMqoPPaRrZEIGlyqCSUBTvLabwdUkemKEitkkCoMHvQoWbgIschXMTC			f	t	2025-09-18 18:58:51.320094+03:30	viFIWYszUt@example.com
11	roVzaXqLBWFQWhBDgJWXdqEWIfcOhPiUcceqyZcafhoTzzeVqUWiqMTbSsqOklvmduCWbxLGpwHmqTfcDSBvjievyxFhOfkuKUrHVmVfMmDIAkgeJebLAGCiNjKyUhfB	\N	f	HlNBmmfsoRaljlxhubRdyVzPpbDRAmEGstyLLMLYpVUQGMSNwNYSFfwxaYXJgbqpqkjyRPoShBnrSjHuVdQXnKkSruplhjLJGsEVyBELVAnHQsIGmcVleBDjRwOZVjbpLQHbFWzFglGUiXRrEsjDvd			f	t	2025-09-18 18:58:51.320094+03:30	hUVZvQYOFx@example.com
12	JwFSxtXAlSzrQWIVPXIaDzLkdJPuympKftnycUQRjbTxiFFklhnbkvZpRZSHVBiMlmMtOwRqfqeypcWPjXZSphJXZtlUmPdQlIzQnMlhPFLjRZxEGQIiLSnbbrbFfuIs	\N	f	vIHaLPTnTuJwTeVjElJVyQlGjxEfIFDaZCkdxMhiIZqptmXNXwYkMiDiHoaUPlrsXNpIYaTIwRlHZikDoaHsMcbcDWrOYqCYAlvOSpVRKshrOPjGxUHNomWOFyqhBvzXaEmCIQElAGurknvbCDinXK			f	t	2025-09-18 18:58:51.320094+03:30	NBIATRglCy@example.com
13	sEGZaKUPAqQPwvTgnnzooQbaYfuewMZleJMzRlNxmhaJaWPXBRrrdjOqYcVvtodAiBawDkPPpkoxowQBCOQVBLvcOFQdJnAckRaDrGCJingnwgexzBqPRGKbWiSOncbM	\N	f	dLDaxxgAbxJSIasPNGYpSZlvrSxkgfigomHImHfnQAUUbFVIOURoiglILDaKJqqmNVRhJEBZgjAxolknokLThiOpYQZHFOvGkioxvHoJchykacuzDrBNFaagOTQIosmNqbjlBDtdCxUfDFfxJZSIdT			f	t	2025-09-18 18:58:51.320094+03:30	gnhPhtBxZb@example.com
14	twZQigGtntmkKxKPSSPahKooncAxcZfRatMbbRDftYpSdaxhzdaswyLQBRhmTnOlpjOtewevsuYggWolOPojIzoGseSRHcjavOrOQDOjWingkCpaWuFXTsOJOaZYBDQL	\N	f	eCrpPsMIpBTWnvsdHELYvlAcJHsdPzJoWwkKbwCVhZAVIPGAHSxzrkYxDhafsPHIomhuNGRMpOoAkpGdvIYOqtHpjiTjnhevPznbkHtAhvrRhjbHMRihkmNWazDsXaNfbdlWZsTGqUIGZdZSzJZAGX			f	t	2025-09-18 18:58:51.336204+03:30	OeDemOVHNB@example.com
15	MqsjrtfXudhYlATvmomESZtofyDxwomqEIwzPIKScslhyFThgWjYXTeTHmngGnHzFVvzuYpNWCYrwwDGSCQuwVdXmYoewTqooGwuptyTwustnRealJFRpjCgKoGozzpz	\N	f	dXHXsLAejcAWnCPNwvFUcfQXcUNNlGZFQfWBAoFtPzxcwExjbgGHJXcXSKPjTceeIHbWsPGrNmAtPdItvjfFDMRRXblSSYlHEgOSFaAfFHBdZhruljpQwmXlYexeHLTsDLvYXiTAQmXNVPyQfQCvjW			f	t	2025-09-18 18:58:51.336204+03:30	nverbNuHqq@example.com
16	JNYqUgYqggFdJxWVBjYqWkkPiCelAVChQWbzXXHlZuZjZeGEJaYrdfmJvTuWCvTqzOUAGorrEMPZxSLGepnaNEvgNgJbYkLUcoOXFQHoGOsljPoUbvgpKHLrTBIdABJt	\N	f	PisNopCiylmUVfbvbIsBnPzKKRAysGYcbgFneqplnCIBBJmsOPnxVImMVornyucVXwOZtwnZqREWyppBiyxNxOFnvtoiEXiczCXkcdjlubJadErCggZESxgaoDgbKqXbhmZLMEGLsiwFFmXJZDjqBu			f	t	2025-09-18 18:58:51.336204+03:30	pitNEWMpjx@example.com
17	kRnbSsvNaxCfTaOJwDtlKvjhTXESTvqhIujrAmrHUDzQYaysZUhPuoZEXcpKkarasLbScNotlXpmxPWrzwBfqpesRTyVwOiITFEXcBDHzphzEyUSMZjSaZMVnfAIdxES	\N	f	kPTiPieWxMuMTOyYGcQJkEEYbPtKmYwmMXmjnsEpPEniKCnFvxzptBkmrufDwWsysWfUdKZqSQWsRNbGySxLtMuTQgPOnhVFaLwwWwMmfZzBDkxNiCGgDvdOHWCdEdYBQOCFtujbNFAWohluyJuafh			f	t	2025-09-18 18:58:51.336204+03:30	wHiqSPpQtZ@example.com
18	QiAuwRNAKAOORZDxEAQuQDSfXvMFmaRJavzucsSWIOPgHBEXfpptQIeSxKscxLyrpEqmRWjzyNAYXSJhpeaAdgpemBAmbIEsQIcpNilJcoAceFkpAOtjCDXFImaZFhKr	\N	f	evnrXjzEeLsEchBBMrCxxZWDOTVYofKgKLFlIFhYvaIUEFzCLriIvtjHzUPFDkMaDkKeqpJgtXRWqWoyrtWRNUgLSOYGSAQrkPUaCeokPOiobUkCWceKcuymfMwgtvBugBebpAApAPydFPlVMxfsNA			f	t	2025-09-18 18:58:51.351861+03:30	rzoSWBJoCv@example.com
19	quzZKVStFbVFBXeUijCepGSvJjHzNJEdqVGTFEhlKGrWGxOLKWPGCGvXltQNmgLNpcsyGpFeHqReLEUaiLjqpFLJQfNecCwfVEahvXoloKXjGARphSGfpKlDuAZTUYIA	\N	f	arKtSemkaGeFtAQUhsLQmMdCcUNNKwwDpavkaptCOQpIIGvPbztDYEILPuasEpWfqOmBZEcJBziyXBNCGValvbFIgBJktXebiBAlOJOOOYkHUIfRhYmADczbIfGQuHvGybMnKqYyUPwhMBTaDEePth			f	t	2025-09-18 18:58:51.351861+03:30	lwCorOsnSQ@example.com
20	JLVTKaAfUUsMbLpFoBRJCnoGOYMtAGaouerFLqEXMJRCwRSZlXoKqGQTAKrCAtWFBDkUwGSWJtvjEZvJYFcayCFjlbXXbAGGzTlRPNTBjvaRfthzzGwcnYIHRrwiZlJH	\N	f	GfEpatGkojRbawbaIsImbBMLmSHuxaLLEJdnAlwWxMhbXCHHdtTaiaIlOtxbgioeWgyWSJqRkzMqfKuKAIoWCsaZdtNuAXCdWcYZdlDGTBKhezdinHjuHbvFUunKGaVPEqbWFzOLIqJBDEumdmLeBk			f	t	2025-09-18 18:58:51.351861+03:30	JRvkcnaHJG@example.com
21	QgnkFjibchXjKCIbQZkhtsKrwtpCcnYoLTpAWcsmQTVYBwOipdLspOywbITxwJCNVuOmwrfnrfDCwxCuItpndenIKNYyXYzJLfSLBdpGnzsXVfpbmEhhGCQbhJleBFVS	\N	f	DXVonbhITQbdzVrsgPzjhRaKBUDJuLYLPXSGCKhEynusJynTQeFxXnctSVpNAUOhOMEonNdMPyKmwgFUnJhSdrHYhooGaVLYGriGUPoPEpYskYXYBxwjbZDtSSwsKgqDePzUggbBxqaopPqURCdqzc			f	t	2025-09-18 18:58:51.351861+03:30	szzujalefE@example.com
22	LuCfPDhYUbHoyddJdhGfMVjksCDeCFjACrXKEQpJMqSMDIMgcYIhoEWpyoGlgVCHfBlXXruXfHzJOlhCqCpKmnWEdDhdJqCYsqbYHOOjBZiiiFZIVtoSsUHOsEdMJNdF	\N	f	rpUhbRKgGGBccniRVVXEDKuFgpYSrkPSpOtlvIEexwqWeXxypiffYIaCMibCDoYFggNUfYFCzHzuxoVmpgYEoELKDUyfuSKxmmqGkwQcbpgrQuEdAzgKcsQjkFoPtCqsrLIXGRemwGqXxLDdXELVYK			f	t	2025-09-18 18:58:51.367875+03:30	uOOvKEnpKp@example.com
23	FqJzxArfpgxWjbAAgYdfwQMGSkdrLTjJYfNxIdwtwzGtOejmTKvVyVKgeeeIPURJMxPPAllnLCpBAkZPDaXFaIgKtkEwzClVHoIUBxojxfLdTJGvhbgcKRHQFxnrBVSY	\N	f	mlfckAzelugoxIYIXwLaMEtcpmZJAZqXbSCJXShqqndTVdOnRkwXVDHlwlUHIaTQQQzlJuQrJqUoMYEPgkCCzzmYXNnIjxttrIftcbUFeUCbjowioglIpxcARcwOAMPZgPpKHXStFzqRkISllgTnrq			f	t	2025-09-18 18:58:51.367875+03:30	PkKERkdRnu@example.com
24	rtCasZhnOuyzMvtuSbOwQErJgLDMgZuAEdgdUzSHnFKquZPniwXlPyqSLcfYCywEyOKANiVIaUgNNRnLdlgbYrTjjqrvXsNuKlqhbrapvGFGTeivQKlADsIOCsiKvLmf	\N	f	BtBrjySNOzPWBypqfiwbnHEscxyLgYCYTGRykEcbEBlmGhPAuphHFLnoJYlfpBJELeTQqJBhlaNKQCvcVPEOKQwCQuLcTuzmKpCcKjUsXCNeDcGzwddpJXsJusGOuGoiiKuBUYTKygvfOqPfsWShEo			f	t	2025-09-18 18:58:51.383521+03:30	yZWYeLyfnr@example.com
25	ktERWyspfUZmdJgzsWLmUoPwKVWtAetbzVhuVAomSuqnEisCyPCBdLKoEzytjlspKrQvbHvOzkQKEatAKXwuShuGbrINskHJdUAWMADokwVmmLYVmruURoSUbBEHHSiY	\N	f	QZfbKOWuvundiqQbWkTNTCDkiiUZcmkuGyivOkbCjrojLhypCrsxyxuugFGTatTYluXbSdWPWkxNRRYZXSuYqRQWbNuQfBWFZYSNvwuOUtRWlSWMeYUNvwBUxMrfdsObgauxhNzFEIcjAUkhjOoSFQ			f	t	2025-09-18 18:58:51.383521+03:30	RVjftXZopt@example.com
26	cnnlkCSavcLpHNiBhOJAMAaRMiDBXeCBtAnAidqQuPbzoJosknRfgYhWqZDkkCjVNMrbVyyXpGGhZIfTakmqbvyKiiXrUujtSAFdcVouWaKCLrYfyMtCgtzMRIdNvgNS	\N	f	AuORfrRnHSbXzAqDfZynZKvTSrbTtVbBDZYZILENRoeJJMOKJmnpyvSRzwcTLIYjgymqkafgEhhDxMPRVEEeCsWFlIHQCiaxPQXtZBvYnnoivSUwhqMdyALUIWqgKgPwJpcUBAMMJRyfsUgFJkNEGV			f	t	2025-09-18 18:58:51.383521+03:30	ryNprbMdeM@example.com
27	ShvOGUjMUAfBgfuPubBlVilyQILzAQJJwjiEvQmnbKhKudbqjQPGfXhMwFsFpoKIkHNvsLSAcPqqCdupYZTJFcRVDrWgUhuOndootUtBSmCUgkLXMIXMRpUayObcamLi	\N	f	vqwqgYLFHRMUdJELRpJTKyhqbRKYASUmzdRFmPGOcENygzRyvZAqSZzxYdRvZvtdZwzdPqsqSVCEvzlnBZGFFRfCOkPQtsoqXTlezgzHjQiNpyRqYtKAUKPweJlAyONyGQOHSyKSVmKoUOWyZKBRuH			f	t	2025-09-18 18:58:51.383521+03:30	aJcjnGeoOh@example.com
28	tdNoZSPupGoASQzwStzktyhfQdEVxdEvJuFgPeXMyyUzSDhoVoZefEmXLcKhPdAuUMDkdQsNEOhGqzwhdwPLHVXgNYVJdTCKecdtaJrWpBsHNAxcBidJVMSFSezvxTaQ	\N	f	YqwIxjqKnQQeTSuDhnfyYNGRHQChqYkzibXhZCiVLmFOAtfgQytCpoQvYJtlycEFBTFQLffiLgSaAJbgYGmqcNpYcFkfeHoqoQHHqfNgQiBbCiCSYkOcESzIiQDQSymWEvjvQUwPWqhmHuuKpalXXb			f	t	2025-09-18 18:58:51.404813+03:30	ohNpTZgtQf@example.com
29	loarSzslPiqkOdKblVvCqlJapEEzqekOPpKShVEMnAqKdBbaJZlqmjlpCAzqSYWFczPEUbKXedBRtXYIaYppyPOKvmfpPENJXyPWRIxSzvGnzZhqVQYECgVqvoHTYAlf	\N	f	sPoORLVodCUJTEVIosvXURoHabDeKYHIplRezyaapXxXhRYEVtHWzOzilhIiuaQhsOXpCTiTyMwBZdoQdthBnnZAengtvGYBlJhQdlAWfdfUxisjgvavASqhayQMvQDhXMnmVVmcQaGfgxtPWfrsHh			f	t	2025-09-18 18:58:51.409673+03:30	jsJpiFqcmJ@example.com
30	oTIxyvkpiKpxEkyUTwrkmgzMuZQTCBkxmICHwvcFKXEcKAmDrBpXlEWJErokKwICkeTORbubspFcAOjWYLCiGwknFPByydmszoKoCwGCGgsJXOqNvTnEUKtptpdgankQ	\N	f	fjvyiJymvpfbGKwpNcoTXptESqKzsclYoePNYbNazXKzSadclUsXvIhgAUaiPGwPwzNXEXfIRsBozZvRIFElrJOrCPoQiHnFLcgWYKtzMFuYOuBTpScLxiywaPwiEzPPRoyTNeUBUfpYxydzMuQybj			f	t	2025-09-18 18:58:51.413832+03:30	SemAndFXhf@example.com
31	YZOFVqzYtZnUGuWZNfduZLpgkgpalxCYoRvarlaGHEXnNSHeJUcNNRMuxBCuCkdojqdcMTpceXfecbePcJamHXMNXqDWtxbVClRNtJTBAcWnJfanLwLOkmEAsluUlCia	\N	f	SvQanGiOuGifnqpzdazMnrcrkVQsjEcaoCuoBIcQnofJwzAiDVSruBtmNlxIvbEVpqZkvNTWoRevgeBNVCmSkOwTEIhKuyBvessawpvVQjFihjLhqErHSSOEFNKBOIRHpYYMLsRNqSuXFXZyYumDiK			f	t	2025-09-18 18:58:51.418833+03:30	tODkdNMXeP@example.com
32	ynwpFHBkorYDDrawZTBmlsRRTFGRhfFhdcUPeDbOUpJCfIaxhilSbwDNiklQorEOXkCCBtWmhTOUxXLDhIZwVahnoWpHISmDlwQqPgKGbwvECCmcJATBZbKGZjIcOfkO	\N	f	VDpKItPnPHnHdAEbpfdTdTxFPkRUCkvgwXGHeYwjYYsoRtYsmelAuqFqbVzVtXITFswQZjohlcWbStmdAiWzLTxFbmNGQdTTOgNZxXBIFEsGHIqCUMWzKRcwOFJpDJAeQFjiTvRQkmkeVOEsJFZGsr			f	t	2025-09-18 18:58:51.422797+03:30	yyOIMchXeH@example.com
33	gWSJCuUEojnkoOTtYAuIeCPiCIDOtIihJKQCVQUyCKkeGPMwcnqaICXJIXRCtdiAfifamaeCIvDAtoMTAJgnYIjLNXEaldmrOCizEdjniYLXgLuURPebBvswbMQoHclz	\N	f	LnnGVRyWXSKfIQIgwNoqIHcScTacFsUzhiRiHBvpgoNfTzYxLslLauhpggRDkleGUEAfroVZDriKZBUupatNbMzsbZLhFioGunSxbtaYAJODGaeDRmdMyvVdasGRvoszxpZIFOJAUVQziKvdnayQVM			f	t	2025-09-18 18:58:51.427511+03:30	VSydqtuetg@example.com
34	ccFSkpqmaqvJVscDStbzfkrTUEYzDQbeTKROvyCwGOCjMXNMsVibOQGcjEengqOPopEDpkTuWhGeJsWQfuAxVGCPPPPrhmvEDsRVzbpGxlGHuOqakheAAeISckFmFVWk	\N	f	EDwNrAPgumjUKCXoCIYqhVntcyJymrDsNFMgkvazSvtpZlGLkujQCuvxgoCrZYLWBbRqswXTwTIrDvZKLfoZxZpDpNVqzuILmXfUITyhTNnxSAkYBSnTiZdjoLJWlsOGioyykoaVOUHlbfILSyfCEq			f	t	2025-09-18 18:58:51.429472+03:30	JRcBNuuJxq@example.com
35	IYHmnSOLbXNwCiENSYEJPMuFOXUkNyjCABcxcHcKGagXrSdJxMpkdhUzJJAFMMIDSNDmUVJmSGBeDCpNnGXcevCwujboIEWVpRbnjpDRzRVNbqMZgqPWVbLsAJxrYAYH	\N	f	VlXfwkwCverVPLkBrIkCAeqlaNPFhZTnvrgdnEtiNHQGAUqJoKggYeQaBmakwzdAFevJSFgwXSvevPgQHkFxRUwmQXJwjzpGzPJnWTZgtICiXWXUrqMoifwxQdirRzauXoJWveNhsKZCvcloxyvNmV			f	t	2025-09-18 18:58:51.429472+03:30	XvySsQcCfS@example.com
36	ueUzZOynzclWGySrHOWMbgMdigmIQyzhothVMiXhwnxwmCyblvXqaTIBpawuHebfRYkLpBdLCmkhykxlqIsiVPAudymugalRdnfXVLrLCiUPuMwSsIUNbguXdZYeeIxK	\N	f	vyMNSaTxKZSQagvYAtOPrLVrpHyTaDgaqnRyPxssKVnzjXTnXdODHsIsYWLdEndCrrNGuDTgTcWZhHpcvOUROLWsypEGpUBFrogKRiIiiIlpEoTLQCeFfqhGHWHMeFdjhUXBmEedjILPQVBFyqrMsK			f	t	2025-09-18 18:58:51.429472+03:30	fZyrSfahpE@example.com
37	RuagQZCjhXHGiyQKqwaKDvwZIhtywAmDlUAnfpGBHwzrfLCCjFnAGQmfdhPHCXsoTdjZGTaIhFNoCVzqscqeQpRCziSaEmNKJzrXLqnXOtgHfnyGFgPWdEOGKsEapEmi	\N	f	JYjNlZoPOdSvegZKTIwCcVboPWfSoFgesIUskUSMRcdAbirUQuUNssHRsqoYeUTEHCutvYhWOZAnPphkiUlnphCMVoUfaOHHAsUTqXBuGqxWLzWHsOUPKoAKpOLFAKjVRSsPndiekLdwVYUkGYqROa			f	t	2025-09-18 18:58:51.445505+03:30	BYrooVtKJG@example.com
38	ZWSIISjAbdFybORvvqBObtrQvdLRODEbPoMnAjxvLrhWglIAPaafnxFsLaIpWFuhEebHwCzIvzKEJSdvpRJMmDRkOUWXAerQlgiiHEIZRWYHQzKPmQoBciIUNOgCeAIc	\N	f	MEgGIhiojjsnYzPStQgDGYaXYoqKybyAvQcGPAncVrtRZxwEJsgeKWXaLcIvAnqTXvTNYQISmmwkvGTZoCzCdVIcrdzeqbstaIKDXXjWEhZvypmQvemGcxbyyujoJBcHdptOvDgAgYlnyJaHwOPRXY			f	t	2025-09-18 18:58:51.445505+03:30	AOkWjQHyYi@example.com
39	lKBzOJZcFveXgfnJGyqGQvMVRhsQMRKuaHAGaZPOeEbGcbcCJgOJfStmUqAnrHyswTSdTXcjWdEJYlShVDHviIaCvwoGEHlctdSvHVQlqQFkTJwNFKhQqswDkuQwiQJp	\N	f	yLCPRfzIRvtkUrdqNjPCFZMMcqZyLsfWNhbYyBZLpgdwgHabBcnJgpyDchFgUNCALzTfNbskXgrqYBFyiwygozYiodZoKuAXjXbQBGVcYjufrIXZEiSEAjdEeZgewngCFFVjMXKQRaQhHLhmLFxCCe			f	t	2025-09-18 18:58:51.445505+03:30	fZpbVJWPdx@example.com
40	GhxOwAnzkzRscAOmXcjCrpXPBeTuHFhrFXcaxHRIgDPaVdMtmdzdMSfafyqhLaDeXiYgNUoTDPqbakLvzgkoeaObwIzIPPrYSegovqgvecewPjIMjAlOXpVqwMjQaxfX	\N	f	flfLBLTKVNgJHeYFpjEDrqQzUxlyNiaTzeNMqGlaoGBPxsnECnnelelBMsXCDpdsDFHusYQrxzpqwabjxmfApUTXizsLeptVHVUUVcpGpnZKhwnsckXUZvDKdTGusqweAtrBDhtZJixdZGAbbfGqjG			f	t	2025-09-18 18:58:51.461361+03:30	BHSHlJyiZx@example.com
41	UBfFzIzhdlntjrEMUGAodhlszyqFUfCNzhUVMNdIXyevpIRNedtumZELRofpheMhxNhYTTuZtvXJzicVbhsaRSwyNbYPlPDfIWnNtIfOZnbJMaeqErjzsuDxdCmCoJFH	\N	f	MHDLgOcxjXEALKsbmexujBNZUpVKswMjzBlWVPtebLnIdhmFHenhLRqcvVmjCEogWzzUeQIenWWhbQBCdNmvyWRBAjhZbBtABhpXRMEacBwfBYFdcJEMMWIqaJXriJYJIWTYwyjWUkRysmoZFKIkvb			f	t	2025-09-18 18:58:51.461361+03:30	PJojSyaFnv@example.com
42	TEJEgpDIUPWjLzCairfVyoxHnuzaqaHGcDBuEXfEFaitJIbgJMvPncVpvNvaYrAybmbMbCwbGQYOIdfmrdqWWSnxgcTovvfwZLctpuWzTQUHAkLfhCFeOJXspQOOwgji	\N	f	vSyWoVVUSvZSqOjNgQZCLWbGrDgbpgKylorcfEMmkJyZZsdBksBMAeEvzbYLmAiTePXMWBwZoKOnWYWXyASQshzjZIOeigXgiWTMlBINLZdWUWyTWYZhHUNEOKNJLEnbxlhiezppWJDvENPXcqAmNj			f	t	2025-09-18 18:58:51.461361+03:30	KtjsIGXJBT@example.com
43	pSEktksvpmzyVeNBeGzwRYQMraInIQiaLHmGFleizlHbFBuikBCKdWBRAqEPEqgXnqVENTxeqyMeXXXvwUUcrZYRkkaSbAJofhBNJVGKyWaSIEztSlfdhkkfXrSkhAGz	\N	f	YnTQgyFsUIPukXuvtgAYYPzHoPibTvUqJBFVQHhDafNejOhmpwBbSaUEotOILDBDpDXotXOGJpQdfUtOZwfBSfRZdxeiXKMIkeWaJFxpJmtzXQwpRayITMQJagEujREWvqJFMGryhuWnhuDoaloWGf			f	t	2025-09-18 18:58:51.461361+03:30	zQRzSFLwXl@example.com
44	hcoElXjBZJgFRjBGAzvUKJyAflgohjkKvzumoSsCCwioppuVNoZFedwWKnFKNjmQhnhvqPDyfbQNJCXrRJfOLFOqKyCzFYwXJDgojZmIDtmeQzXVWfsllhnfSpjzeJks	\N	f	LOQWlokrMxyHUmfLxxndZtgWLDwwAvTBhOiMhwmNJbxoUFNmszkijkgNjapiMPlgBIdcZyRspllPCckflzpybFWQRzCMtcLWpYwcBtNaoQsGdZynpNTeUMrUZGBbUkEamCzEqwrZRslwsTnyDeRBfa			f	t	2025-09-18 18:58:51.461361+03:30	CDveCWBZlw@example.com
45	uYRcfGnXIuHasUvOaBBBSlocenfLltEBnDqcnwVLwltFcSAVAfxgoZGdhDxhgHPJVBzEBBDEzmwGOaordKsvNEKCqrZxpXrJHeHzsjOLKPKtjPicWAMVbiuiIzfidaAc	\N	f	uIBGDGPJYJOEzBxLdjhyVqVydjEjGVofjtiMTdUtLImHQPpkzGdQtTbGUHeDuWfanuJWOMgVqIBLlFWZchNfNNOAOoQBxwlIHSvRTmlOiJDUkojDzmdvAAcbglgfvhFePnqPqGOBDZZVXZnWDfjxzj			f	t	2025-09-18 18:58:51.461361+03:30	vcCDytwNTS@example.com
46	KjgeTBTYAAOWSrNWlaHernTYCMEPCHQLFIbjDhktWVMDOFUNuVIPJZKDVCdyyRVPTCAFEBKwvKsxUeqctPgNrFTRTcwSeIlPYaiADdTVUNorQvlsccShVhwWYkvDdfgr	\N	f	LXfRXjzLHlLrOFrmIYsTCaIQGnQsXqDdWyHHDxdpfbWjwSYQVOrslCcGXjtNiafRDVcGQgMiYmfCeuROCVVOaDSWuXVaqETiUELSWluFvzrwuZHIsbxfOuJBEnkuhqkyAIewZRHfWVfjWdAFBJGJWR			f	t	2025-09-18 18:58:51.461361+03:30	YeaYBraPjD@example.com
47	GSPNnBRTlHySVINjjOAFMdVouNMurnwxOzgDCwQQUKWTsQOKqNPMrTkMpTjJyfdMfjWAEZDKzNxPJawfKHldKhRNHmyIvVpDmymWhTqaQIndJvjJHVzkQFfpvvmJeJGq	\N	f	fuMpqXtvtMwRtUFIHGxdnlWuJSPDPfGPLFXnytNNLAHOwZJYKVbPOlVcIabshJhsnpcaDBMfonqoMTsXSYFyoVYgUJGRKgEkqFphPoChaZkjwZTZzjyVCcWCDtCklFWJlKGKcRgwuyDmvbHMjOxdlc			f	t	2025-09-18 18:58:51.461361+03:30	efsJFQLKlo@example.com
48	tAGwdbmHVtzzIhJOeeJPddBpKmHIGibJYlSHWwXWHhpMjLxTxsgqPDlSsMgWWhyWJRBwkQeREfcOfumoDIwvZORRDbEOioRzGCBEkgBfQOeUrdZQwyyFcsTOpBsgQApG	\N	f	FjbjfHYSlxIzXrvynEqYKwfvtrDIkPSdfiWcLvKbBbpKCGGcIPwzsBqbLGlZyuOfCzvFeoHZADIuRVBOgrbhtmkZzvQzRiQnlYxglaMtZAHkZHVypjfApXYLUSdZKuxQWwaBWXFJdmjlfSvpxshUlR			f	t	2025-09-18 18:58:51.477062+03:30	ESpKCIqvyD@example.com
49	jhKFOkSnuLxswZCfcoLSJgQdNbiYIysWnJThwLmQMhqBszrvsYEZNaooprFtgCbqpZvSyFYUhnnlNeTdgCRgyxHKiELbGNRRcnsfZyqzPfRSbLAmIPDTYTsRifplQseW	\N	f	GpKDjamPwxEqIgsyfbiNMbXyKtdMngpZuDzdQeYpScoxOAyvbcSZfRjtNZsTsugRDInATAvOXfSrsZODcCGXVAgLrdkMYoaCIgmLmhqKwLMvPyJriICrIORhgxjsykmjRzgZIfpeVuaCxDjRgkTtcM			f	t	2025-09-18 18:58:51.477062+03:30	QanrbjofRs@example.com
50	buiHqJQvqzotJuxSwFIAZgfMYJAmbpYKzTugrgWLJXbHAkoxpEkIijhXQgVMPrFyvpDMTRaUshCAbJdMeZFgXfCDCLlUHaIUgegoMZelwnuWdprOHljOcfgPIQYJlLFO	\N	f	sBGjKrwCPibkDrbdBSUJluqarSwniNnZXhFnllPdBPMBghVjkLeJwufWflpjEHUfODiURrcuoIMKNsbeEmCrRRysrJAHmMziXIDLSnrMPgoyUNBqpdWfcrHVeiJDOFhorwpVuHJIcWePdbmDMZKaTg			f	t	2025-09-18 18:58:51.477062+03:30	jqyItPMepR@example.com
51	yLxtCMWKHKzueFouCEyLgSpyVONBxdisOGMyPCqFaSVZwIUpabRyqzjxgGyYvCeMeFzzbPZSzONUCyyfCMRQbjwccMwcUFtvVAFFIezLTCSJBKWDEHYEbHANLtoUaXfb	\N	f	mVpNxOXQvfOHWtxHEduEBdadreSNKZLiNjLWvLEJGgfDdLFcpHHklHhscixlETtrVqdyYcbPBwAiIJFTRnLhMARnNlByVBIoiqSeSXjkwNaEDOuoohhPoypfyeBctYnApdbmAmgYEJwQVrjTYuqDxy			f	t	2025-09-18 18:58:51.477062+03:30	hPqdhyxfvY@example.com
52	KSDcoWKmgDFWsZnlqNxHyrIaFRmwBNbDjZrprmqbVlwrSktzUvhTmMQMPcSPNloytyEGwKbeeksQwgmDdhromtspxolcnKlMpQTbSmufVuKtSNibxLmTiVmtGTWJXurF	\N	f	glkfqKDjwGUpQkqZSeobAwEuzgkKLvFqpAgijnPuIabqMzZCAmlnmsbUdSwGWVRQEazlVaUrjQIuqqaSBmCPymXTwWoGosdJMJqQsQhAoKCCUhuHSzraEFAGhQjrZHiplZXtAVqeDZNgscpfnnoPFm			f	t	2025-09-18 18:58:51.477062+03:30	knFJMIRNHz@example.com
53	RncQrAAvCucUrJvNBInOrIkzfDwLyQajTFQYNNPjMOPGEbqWfASIqnSLaXQeitUgiCrjHsbyRYJEgMaPXXfsLhICNWhPdfmuwtHZYNWshkSfIzJEnNgsaiMGkBInvwdy	\N	f	UDqQavvsBbYcJvogsrGdHBUtPempccglpVOJIABRbQWiyMSPSPegOWArKqpSlyiYFxQEADuYocIFrGwMRyqjKGrWDjjYxHbeqFquANoMCuIfmNuiPBSszdwuaXkmEjtoZnEdAdPmRcqNUFZsSbybye			f	t	2025-09-18 18:58:51.477062+03:30	KKbpwBAGyn@example.com
54	UrMEtpUxyaVeizecSXRcAxsoioRlmzZFYHKDIsGYFYojDkJmsyexVATGOujayvNHaiXQJppWjaWrBjdDtvVOSQxqEFLeJurpzIKRIxmqYphhMzfTpzIEXyfVdSNfsPEY	\N	f	dgYcuYBpxtYhblEOdpKZnjpspNWnPcmpxkUtmSPyPAEfHSrHPWUWLZRSeoagmHJjqRnzomIMrAPusvletTFFHVXejbmYOjTuHlHkBZIKsjKbAaEEMVBKbnNuLVKyBExOlGyMPZapxgWAibJWXVrNvj			f	t	2025-09-18 18:58:51.477062+03:30	PkRvuZHcom@example.com
55	EkJJIgxvjEIOXuQifCtrikZTSmdyUlvoRfJKxhqymrQWzfWaSOrKjYztiBjhLfxLYWSyFcGMvHfKzAfxMWaiMmRfDrWWaJJMNrrfgIMgpfzstUwGoeVuuUznBAMSGULQ	\N	f	iCOMPxKWUVBPFFiJwDdqGdgTQcCeWPTPMFsNkvZPvNsSstpQjQFSTvERsCTglUmTDLsVThHsjwvfodALuogHgXEBibxywaSwOjlfwkJSztZLThHLsZxdPuYFbfUCkpGpuKBYsKjXVpQNHNGvyUrPXW			f	t	2025-09-18 18:58:51.477062+03:30	aDGvzQOgnF@example.com
56	cNxoKmPFfvunoIMcCLXFjJbrpnVpWnZYxHaZxMSrrJuKpcblNtMEcUZJGKgCLEclCYOgFatcoVSzmlUSKxEKixHFGIdVSOhuTmaGzSUuooHSFxAjwpDSSWshMrJFXCvm	\N	f	wAvQHDybzGiPsVIQqXsVURxhTECGCiHzgYzFQoERUHRVtIglkCaQVgbPmMkaYGubBnQDYlWuDOUcXgXxlTRixaecHapiqfmeQvvrdQTAlcWvRvzLQFEETfldRGfgjDwabWVJNWdUerbkZCwbadymKZ			f	t	2025-09-18 18:58:51.492976+03:30	huIHxCsaGs@example.com
57	nwWNDxzvYroqEpUvyyVElLPsbDaxCwGwuEuEKzhtNUEEyVrkTaxmHowUpfEhQkAnmOCqKcdcvIdyatjzUZTRhXoVpbYxIvPmTmDvvYpJgIclsjMfiUMXhRklNfhNkNcz	\N	f	LOyIVSsoMsaAnIUcsWFYkhXrQbabklMbFjtfRVJADVfULbcPIzmHlBfXDJQDuuSUrPgvZHYWcedMKxaSrTeuneBUkZfjxFuiExLmJjyjgWPPSXCkfLtdDuohGFJAeKiIJyFasdySlbhzyCBMUCXhFW			f	t	2025-09-18 18:58:51.492976+03:30	IdtSuLsoHf@example.com
58	oVmHWfdiFebKqmmzgzHvRzVAuFypOsamdCFQDdJjWyGuprlbZfOvMkKwNrUzshWwxTbVVIsjeAFoOqBxxiwYVhGIQZEWWjuuUbPoFrHGBsjSHvxBgQCWLKzhtUFnkoIG	\N	f	qETrmCpsnSTAlxXpqIwwUJCJyqQMGMBPJJXnFtQKpffYOcXZUnTVLkHpggvFRedKYNEGJKIyjXgBMFuiuzBurUHpXtKMjCYsdHwZfBmQIgeMhpygCqpVwvDIpkIASnaGoyYNlYpZcafqQoCKpnMckw			f	t	2025-09-18 18:58:51.492976+03:30	EQQVLyaVZa@example.com
59	QdvrUDhultrrdsEZVJVqdnFYvhHPdhzFhPHzUSqYopyymuxNIOKGUitZLjvNwxYEYOXYAQJgyvemooeXcwbLUWoEztZTbtqIWPhQImNHttdMPtvsqiKXSOSBgydWBMPv	\N	f	SjFEEtchxvDLZVXTNLjhZWxqPDvBowFQUKcYSntBDnZGLXifpvFTgTobYZnHyNEoLnfNRELDjKbLlfrljEBbAyiBSYXHFEhDhGDbDUwnnbThlgNbnPINLpwNFGgZzyGCDvzdSsvcmwgoagWXpmCAVl			f	t	2025-09-18 18:58:51.492976+03:30	ukwsptIWFF@example.com
60	xBMqhvdwgVCrCznHEtIciDdyJbXXXkPDoyOiPkkFPpxJEqmuzVRBDvsZymBZJiTLuGDcdDNaBMTsFduDFvHdPHLVBljWCaTLbSGtBcfUFmYHQcZuTsyBCTVIsMYMGKbA	\N	f	dwRVpuYZZwgwnhlsEpOQzKLdLGScZoApOAMApRwCIahrLhpwWQlRVRyFUBifzztflGfcmvLYbbEPFSbjLznnrjMQugwJNEaagFEwKhvFwGtIyUiigCnWHeNCuLAJxWfHWDQSlyKlAbWxeWmXRYIDvJ			f	t	2025-09-18 18:58:51.492976+03:30	DvMttDwjue@example.com
61	xNJHDioYPBHoyJfVTtRAssSLPdCGzcQOTBUEikHWFKCreriosqgbTUVzMQJXyesVTPAPlSfNKTttGjwMNcMADexazMwVkyhpYPBeHJUHQOzSZEqAxjqitLUqCFRIwvKj	\N	f	HZUROLssxjWcbQbfNESbbcnQXmTCehFGuFfDgrNcmqaQOzqEwIdJZduimggqDQDyxLsAKusptxorcSDUzUCstssMrlRMFOztldeJZvcGuSmdyHJEaVPpeoBnudOZKweWICfqDuaybfvfYGtQUzntPj			f	t	2025-09-18 18:58:51.492976+03:30	gAnptLIkAB@example.com
62	wSSsZeDCnFhrVHTFRFEScWLqrDwghlmrZKbHqxvjfQbgrRtYCFHZcPHColfCQKxfyEsUpnAlWjvHXTakSUabWykRwoncEWEoSJUrxRMVZuScBXutqXHnFaWcNOpwcqRY	\N	f	gSlyhfijGxKDtMRExcJzhyQdhVOcxDYCpGKgKhUVzKceaWIqbFoclIQJSBcjbsXDLSxgVWhdLtnLeUXJDjUfSAEJbZGEKpBiHxkofkBThTyWfpeJdiyNMwUjuCGhzxUbbBrqhgWWaUWwCdJyfBArcp			f	t	2025-09-18 18:58:51.492976+03:30	rhSWdxxxTu@example.com
63	CTJMZimMXstGTUqGJsKyNAiBRrtvcDpTXVGuSoDBzDqumShHIXHySmhHJxRaozkCpNBpPESkVLLsUrQlYxCUeiQWMqMOuihuthTviMGowpOerNEdHlpTeIsAupWDfdnl	\N	f	ioPtmDlxJpIVgfLgxdoyYJhreIBqrdTjErWBRcOERqHfFTkfsAsnAzClkMWExEWAZdJdzLoscqpECTysXKXkRXOrDjHabBudXAEzzQjPgNSiGNQKzuAwAFvBcHTwgdDOHeEaHogDneOXfDirARhOmQ			f	t	2025-09-18 18:58:51.508906+03:30	rFizWivYKy@example.com
64	SbhWKGAMlsAtSEwdddNQhLpRDhLCbcEUgzfNOhTtjTLCfwkoUXyFlEmPkkcubjMEoQWOSqFjgnzSFPNzQZlwgKzhIEJfnirivXQOvCGUBLguFEMrAsWiWoiLRiVqcTQc	\N	f	RxCZLwKhHmsxLPpbfeIrQQtvxmnunxblmpIJqmrfFAMiGHRPxFWoPYJjRliiEouhfCEVnZddHxzQyPNqKhohCebNOTilxhYAoCgbfzwcopZuJfgbpkmbQKXLhJosUBHNJhErPCDWINTKPumOZAdLjK			f	t	2025-09-18 18:58:51.508906+03:30	UgRHjAnGnb@example.com
65	WOrsvYnZrCFKVhUKPUkjCeUUQmibRfwypIJkKJnKZlwzTBuachoZLCIuKOcckleazLJYxNwYcnCrSHJGQFtBJlevpISrdGIHGcBMZFlkmdonWkqMmEcvrdwecieushpd	\N	f	kkEydmkGELnnFXEdzKnHqcOBCyndpdMYWqYDZWHaQbSWsgvFWOeKEjZaDyaRQsBtawOGWCIdYuwgNJWGbDfwxIKiNhcsRpdsDGJngDeRWilPdJCWOyQlNSrmNewsLVEwfLpZDGqdBYhkdaJHCtgfNV			f	t	2025-09-18 18:58:51.508906+03:30	aqRdmUVsyb@example.com
66	rqdJTxTmVdXaFYDyqUzbywJeFOgfjVzXdeWVjQpexozjomzAPgdDLEWuBgJbOdDBXUxhohOcZuClNkqnzdfvXZWpNYXhqhFlCCaOPYEGZjwjrhtCqbsJilCGFVqXgCQu	\N	f	jeBPOPkQMyZWXXcWeVfHwSXvXkjJTpuEdrUuTazszMxnLIoIhtJZUvzdhkOUZEbqrQcDxeszvdOlhzgsIQhfsBPEJFDgvnclNuABxJYeftJnscnfoXKjSNwsAuYZzJAqLqKHDEAfelRCxWTceqpLNV			f	t	2025-09-18 18:58:51.508906+03:30	OewkcAdhiX@example.com
67	wipiFXnwQeJuMDvntULkoyYZgpKUahStayKcPRblXBUoKhTXsXrTlMwumHPywXKaqTbUdDilzZGvcTXpbwIfVfqFNSjBGbavMiXCbedfYJCnQWVVNcwvQCcbKkydZUkW	\N	f	VnGeGvdjESvYKboaTcFrZbSSeOUdgVejXaHCmfwqKPyDiwwodkYIFfWsgvVjuJOMtdBJIcEQlBzfXdUGnNPpmUHkKyfIpkbHzYzcXtZYODZwmOosiUlzNPdhTZEbnnKyGsNYIjkHkLZxyftVTEugRh			f	t	2025-09-18 18:58:51.508906+03:30	CMbyLZEpFR@example.com
68	WdsUtpbDTNsoIaRIJlHpVlImDlJjkPzCgnsXNFNzVxXMuzcQlRPryGMUgbmVZMxkdjqbxboAUDkTkfNOoEesnWQLGZUVzhLUEaPrASQZMuLuvoQoJjPwEKybSfmFthJf	\N	f	PzqpCWnHYSoHgBgUdGxEJeoDKtycEVSOOIYbWPNqFSyGiNBDlKthRUrLknENLWrrozuCANahdzVQWqGwSEDTyLIlHmKRzcZdmMOBoSHXCGxyGBzNhxgDOKzXHGEWwHsDeXniIgONVRPpOQDwlHwyCs			f	t	2025-09-18 18:58:51.52554+03:30	DKIrtyUMne@example.com
69	ljFjeDFqQkxHPGIkMbnFqhOcPDFhpIBCillhyxkcjqjtcDmaFEixetkuPdkcwrVQRQMBSgtOYukjtdfzvnMdPJAxEofXsSifhyaUnfGrJeZGSDYTIcYZYdvzydtugFuj	\N	f	LOiPOvrjKJusFBpBzUYubtiWKdvkZGpDfIKNpFWnRJQzGTIujzbTWrkTzBaLBcOXNXvLVffwJZInSBCLqwwIdPGdykvZJJMkQbFnAiXECkcnVtbfUYCDNwrppiHDvFQhSdLDveYkiHJIPtYKGajNWr			f	t	2025-09-18 18:58:51.529547+03:30	tNgaCIJihT@example.com
70	xrxNtRxqHiFeeFaJQdQzwZegZhDYIyMrqfhnkgUYPUXemGOxzGBKdUGWJaCCUbBhAEjtHVVkNCnyxJVdcEEVRyNIvrawYvyGlYhXoigtucwmaSlzlIGjbVvGUGKPvpLR	\N	f	cKRTrWrbvYrqkOpMQHYClXKOytEEplKYTbOtNBkzDkocPJhvtdpeAwanylfYUWElASIHduNKHqcSdPtCMAvFQVTeEiJlqjinpanEpmopFEuCJUjsUwyBTyMnWkOBRaZeWRNATXhvBUiaBueAUBvMvg			f	t	2025-09-18 18:58:51.531547+03:30	EvpglfrZac@example.com
71	YUlrxTjOOuKFEzNlkXFShQwxYmDFEwPlHrBEvqiNYWEfRekbgvpxtWoYOFkSeZmBibsAQTwLdZPuoIXxTziSIEFItDwcCKAzFpuhxjNWZOCBvzJiGXDpEXXQSDyrXIkM	\N	f	JlLRmMHwYhHVjwBZmKSKVsqJWYLbzSeygBdWtQBSgPBVHMTEbBhBrFccXwPerQHbpoJevgAVUVsIcLHCWTkWhQIuLwxseNYCIJYwDscRJHyuNPrxxnvAPPpvcpYBVCefqcuCtYyYunonTSgNTXMOKu			f	t	2025-09-18 18:58:51.535548+03:30	JzyrvCAdVH@example.com
72	FWYkHlMfhKZelrtpRYGeYCBnMqOEYcVMuXJWpJffnXVsKeSYRSBynzUsjlLsdqVQZvsJWMgNYaGlwOIHgtCzMQRRQrAcqOMjpNKpeMWOhWouQrNoaPxJxMjXfvavmtFC	\N	f	SQePTMGnRDeiJluMKhClwQTOeLYBCSEAeVNBejbSPybDKyBjygAOMBGlqWUhGBxYZkuJyLPxXFgYWMkxATiLJobjCCgIQyzFOTVYcgdwrGaGmmrdKaCCvtccbLhaYGEISdyDWzybCWBsvhqHBkNjvK			f	t	2025-09-18 18:58:51.537548+03:30	hWLjizgjKp@example.com
73	zJDlpktyopKzkaweodMOMsuduUcxIGVvgBFMmEwkHpILZLzToLNqzyNAzcBvJcOPgJlPLvZocxWpVRFTutdoKrgpRCKOLwKseqgXyEKDWPhTpnyiJVAukoLgccBcVBcm	\N	f	PDCEtPxKgYdsarfnxBQYJoQbRkFuUvJpnhGJHpDavYhmLeqUXsyviKESIRinZGHuVnYshPBNxQbJzCQSImrCukjmsbMJqkMJoWFLSWXzotHRgxdCdxLDhJHICWtAJVaQBtGTKLslXovPzFFcgKQLQP			f	t	2025-09-18 18:58:51.538547+03:30	mivrBNlnDE@example.com
74	cBboKQrrSkUOoGLLADVpoiNbPvwBRNsyNduzDDVhBjrKAEXCDRnQtIHVAetjgJOQwUxMDyJUwPfHLijncHmxorwrAbehGnSWKfrloCVyPpDPMqevmSfHvsctJNTfuxaK	\N	f	SHJXXzDJZsYgsMJQwdzngAjnTBysjMPVIZQGiLXjLvwwKHnPuNNkQcfjVQiDUykEkVBZEJTJSvjGhCyijPnrOeaMtSNUshJTDRedKsxQvXpmmmbyLXqrtQauINjiVuQfOyqChySXrTOwZcPntgWRPz			f	t	2025-09-18 18:58:51.538547+03:30	PUgAHdSBAb@example.com
75	yUcGHUVQKgZKMZFBIpuUxgDHjBwZOKlHuJEqMpbhLmTQhvZitruavcQdqdObMGPAnOHyvkSLaKClhsENCKyeMqzXNMyxRGahyAdDJAzbkGSXYGeeuwcJOCcefLdzqHDB	\N	f	SOiikVCLOyenWyGOVWlTMnoBMiLjdFrQnnAdxUBuGaVFOLLEryzOCehuERPLApwtGHHeewKfwHQMktGVekYebASYQnUaWVKelZKJMqkCFtfOPlbDJQfuSEYTbJDgavbPDHyoFZIwrqJXzTJfqKXgvL			f	t	2025-09-18 18:58:51.538547+03:30	TxJPsFqpMw@example.com
76	GaKELmBhTHXMowqGpQsdZEnCzptwFVcnjnFMCnDIVQPnNBcwzEsVvStUOHwKJdWzhwNFjiPeqLsbBiaeNBIAGViqycEXonuJQEKvjZZoFnyZHnNzVTKMgGqyKfAyhYef	\N	f	wppNRAhPJpANYpGdqFPUvFsBKSdQTlCMeDMPGyvziwGnoVUSRGkinXwRjcndPkiVZOgaRsQzXvpErTNDCcqjzuyDtzlqmRWpljQxKJtShklRUzetjJSswvfRLjpkdHoAInYVTkjqzQWwCCjDKMYeUh			f	t	2025-09-18 18:58:51.538547+03:30	KtHczUyHXX@example.com
77	mzhIEgzhIwdTxaqOVgBcohiBWTnLLarwDAQoiXlWYWxqxcYIKUyGESPBXCGLJmlWcOHAhtucThDmgdTnHKyImuLnkeVZQUbHFSnJLvPPuXQmgqRjVhUWJiikfPvRaAMm	\N	f	gHKurVALLTBBDwMQtTTVJsLlTyqfDniOwjISAceDfSoJfHbGKQkolyhhZcPZqfAfVThZqNDBbjtOaLyxNHMbuZOsJVPQpkVFpSnNBMdydxfOIUhJEtkpygAkphYjadRqaPvOmCrRsfvklQhMUqTwrV			f	t	2025-09-18 18:58:51.538547+03:30	pOMGRcNnUI@example.com
78	cZNtdjisXlqpaEMenQTNCvIgRsVkeghvKUhqOqgJNpdJpmBxppwSgDvCtsqGSHQNfpnjsYKkgpLgeUnZwTnBWECMMqOUWCeYtcvfUyXfWsiINGlgEYBkexKCikWYgnRA	\N	f	ypSLyqdsCRVqzqhkqYMgERtbwaRbczYPyjddiWzXHvWsZOWObwcAhDJIsutkaSVEDhuOkwgARepOfciHRQnYlNvEDIVCbwaOEbIoUEFrMAwACGSBNsioBeaiJYcIdyblPogGTHVXFzckojqfGipFgn			f	t	2025-09-18 18:58:51.554346+03:30	erhUwAsuCH@example.com
79	mYItRijuosEdVtdGCvUCcUkdLxxQmeeVNWEJCRQXQhBDHhWKtjZAmEyisflpJOBQnqEnXpjcUPdrlPfGZOajVCiOcDFNYJlcPmxTIusgjVMhZNfKtfijOuBAGlGtCxcP	\N	f	HgJdJqPuEkgcgrLgLEshepxLEttnwTEeHEHpfrZXoZUfjyyFzRIvvigTyxIlNtHmtTjKxLvayAObppFdCCOahRUuRtUGqPLqGZrjzCFRTeHMSSsZQCtBBoFxVrYFcCpwSPdqfJbwvOzqAZdlLKgagR			f	t	2025-09-18 18:58:51.554346+03:30	fcJfmkUXvj@example.com
80	ehmhmYjFNfukHxPIFfCClkfMmgQxAXfyxhfATjKlTpUBYXvUTOQXfyooOeyNcuaYoFcrxazGIBqJBQhQXUBmUotjbLTGHrcYXgumimANwyMlejgjrwohzikCfGuZFYbr	\N	f	uEgvNBMRFYObrFclSEraBnhTAwakzcRWSlklFBSmqrdiBWymOhTtNWjoqoDJlrFioMPfvEcQNbsdgIBkpQOWMnCCFHweRqGgkQlsrvFZJaiAArScrtmVjvUhRuTwmhvyTSUvaBCzdwgsStNufjdygN			f	t	2025-09-18 18:58:51.554346+03:30	ryqCEhKBWI@example.com
81	mHogHLKQFCorVqtJRuCQYkAwsxDDLFJKAQKCdBUetHjxjDgoBXHhuKCxjGfKdzyrdhjJdGGSZYYYbyNKZjCPmUuZthyZNuaYFqkPtRBtcgfgtzLLbVogCBZhVPLcctvN	\N	f	RNUPpZaRBltdQadmASntHaQhUJbKaPoxqHVAFqJfxfWGImWERlQnhEBqiNtvDwqYfjkdciHGpnJTmPoMiEDffDrClJjUMqaTMuLlZXfuCyEpsuLYlwmeopEgQSzIxSCNJaRDVJQadniUXJAnhbHWzh			f	t	2025-09-18 18:58:51.554346+03:30	XgsFlupLnQ@example.com
82	mwaPPTSndcnoTSagtUVazmYAkgHlIGjuKGrJjSOpBOJzyWmoYxLGvBtRiMBUfEEnhKKkjmpPRgkDUQasDcbWybBlGESHmCuGCzlEcRZDUlnUrEGbUwhIFbghGFvKIueH	\N	f	UmpuqqaefPFNduZdGQznwvVyoqfHdVAZXQViTgaWWoyaJsFqnCPWKUTbvjVZCkIjdiTTqnbfVByzxSanbjnZwkhsVCCmyoBLhxjmSNtBwXcwEwCngolMRLnphZVyolrVEtCDdCyWgfrQqEIqSKBGAl			f	t	2025-09-18 18:58:51.554346+03:30	GWkKpuZuvv@example.com
83	LLQmrZxqLuOGzQwOIQOdqUGVkxAIWScQvoiCHjsVhJRLTFdibWIouTxbjQTCGYamOeWVsrxYhiyjIbBwbujsksXmhVOtYxuTbyKQDZYTdSGfwLvZgxynQwaLgiQbdSsE	\N	f	RFVFFABcSqSbHryWGDfQMMuwcypaXrEvXJLpuDJZRafTyOKMzZuwejcgzfolsRyYHqHuqyXbOQLuKbYPplvYwLIQBXiYySZNWGQAuSUCBymnyOvkAUyHCYMXaEoWQgXgcEuiWucyPuQfqAwRqPTuzQ			f	t	2025-09-18 18:58:51.570069+03:30	OLqEyVOeOY@example.com
84	cicEPtsZDJAUSIwTaILSrrzqBhViQSHAmYxSIegGJcBFeCjBbsnkDPSVuiabLmdzRppEAukbQGnTfkYqfkCnuuyyQkXtAAIQajUHmhlAmuuiCOVJLtXCmODMHBhARnix	\N	f	RSmQOFDgAQBgMVomoZbDtjFfhYnmNLWOZFmWHbfBBgwFLgQOKWIBOgADnzpZezDzzdZwWzVROsdGpdaqpkKtdUTtAxAwMFRVjFaEwJHMiHLqpYZwGZNOQOGvEsHRmptYLVkyiIMPCOJgqxpZKImIDb			f	t	2025-09-18 18:58:51.570069+03:30	KUSgFmzQLc@example.com
85	XBddEQAuPcyfcwwIEhkOhLRgVZGepTjVMwOiBgTfvIHpFVirREgjaTzOyZFwJRawGjfatzYbofGXvVHlDSXnlbYGKcSxlTjnhjzvmJmlmaWrkUsdMwfgkHTqQyBJLQxN	\N	f	WCdqwayViCuCDDXeMYOOhkXPlrQWeEQRKVOhunPkmhHXlbPtrpKMcloCxyQPoPnkTCVZalkUQSOFsLoCQJsVwdzbhqbJOHaUxyRAEyxBREaoPgiXXmRjZehYineXcxvpvHPcUNUBQqMJLCmPWfQWIs			f	t	2025-09-18 18:58:51.570069+03:30	aSBHeJLpsx@example.com
86	wXIuxgoBWBsFycYOtqSnpwPObNqDBoOhSiqmcXQTvTcNgQOdEtioiMSOPyVoQdPXEQwZRfcSJOLQOnbigYVLHsNuNvbIbaPxWQxqkwbMkZLFcdUUnHcBHSdcwGzOyKXq	\N	f	rOJKfEEuHoVlZsuwXEOctCpvynVJeasXThaSobZvfCutuqoISbiVfeLSBhxUEroDeemAlAslEHkLGvljlOFQOvmPXtNcctjYiqJxJdSTGjiewuMgZjxVZwSsGWFyYHLrZmUiVfcPclOSoHVrGfLqvr			f	t	2025-09-18 18:58:51.570069+03:30	MfsgHpQYky@example.com
87	xfsftyoAzDFZpAImSNEdWxhyRLRyGgUMsEGBtMPrjWNCVtvXAXeFwkFWROSUUSjcecTMDfpmLPbRvEDcCPkxjEbfRUJnKBOtiwlKTmVRyGQQaUPXpEqQBlKCGvxWMUMW	\N	f	sKyQmWPXIdgrUWKpIObKRrNxmQTtyOhQIontzwMkFVDAjyCCDekdfpfUTkUQrGnZTRZldjpTnCdqeeaGAYzXFiXmVVXkLJfnsyNzPKJHGijozZkfsTKWuXdAqdOGrWdkZCQJBMbhmHycPRljbroJXB			f	t	2025-09-18 18:58:51.570069+03:30	VmgsKsMvpn@example.com
88	BsmDtFYuViMHCLmVNCffwUqLweyeCmNXNiGsHBhMqwTRrygXzUulQcYTMlAwHjNqBMUoavVVXJcGXwaOMGTLdwRtjNVpeHWrjDRqNsoztAHxQaJCJNZnRbwrtGmOZrdW	\N	f	arPepqLqpHysrkQHMNHodnINUgLCFMtwoFjdqjwidLWPWWYifCwHnGkaZLPiqzpPrSSFQAYwSWtCNyCfbvRGgBOcdBNFpySGdrBDtQVUfGbKvMjWzpageKBuMeDRVgWIlvNikDJOAucQiccajKjjuA			f	t	2025-09-18 18:58:51.585866+03:30	IecBjgoRvx@example.com
89	vVJOjLKumzcnJGDjyvMDpaFePwtDeKsmgGyqECfDXlPnbwoFKjCsZpTgAAWqBUZvROmBqItDXxKrfeqvjYSYjASzdJGoOSSARjLUuIgHYJBcOctvmUvMadUZFyqgVyOT	\N	f	TyncCUCnaaaQTlhZoWxLQkMnPeEWpocXxgFBIQDYfyVPYtNczZpwjmEhxQCcZOykWdpmMRPTEKfSbRRFJmVfZTpiEPuKbKFaySoHujzQBTFFwQLldiIukyXDTRiKfLtGhaOwMWTgCDRHYmiVdbwwoL			f	t	2025-09-18 18:58:51.585866+03:30	HHRUrLgzSK@example.com
90	CksfUqbHGVqfrDZTvRiJQoqZhkqfNwWbJDJVdzSLVmOYhjCryffxXVlsMqZSNcluNZykfSTyWxbnTdfKycUizfnsfKZLEeEQmNtQMDhOluLumsEpXamaXQgaryzNSrFi	\N	f	msWmzqXcMufpStdLMfEIGRhGEBkPgZHeYUMjwUKWsBupbTvMbcCzlrzUeDsmiIqHWFzDinmRpTvqZqxYVbTZeGHsMtSeQRDPUvXlRHKipPDGdIWMHmeVOLPrQxDmExtNZrCQaYZxAqsnuXAPJtRxiJ			f	t	2025-09-18 18:58:51.585866+03:30	PuwHdziXAJ@example.com
91	ggnuRqVOqVGqhRztmAFTRNmXoVvYXUopRSHEsWtfpBXTOBarhmjNMVOdgzDwLDbXFDVnCfkzQwdVzWeewykpbXHDwtIuWbpHUDeBMvqcEzVWPMLlZHMRiwbBLYhTxkFv	\N	f	gYuQUrrkCVTMZWEhiMUYoNSTBbwNvMMXswcDfpCIhQlHGpgjXsaDrOAANaTjKUyHuiXmEANxdrVesvrTxpiFKfDwAPSNDcgdMXttKTURwrawPFYvmVHWPhiCcrSIQHWHzyEqFCgIHHgNCGOIhwtmtd			f	t	2025-09-18 18:58:51.585866+03:30	IySwJXfRQu@example.com
92	elvngSAIVUmAoPhserIJPvtXPpzjgeCpcHkQGPiKqNxsliNHrzZXQjmcHahgPafdgbIdogMnGjiQWGAnrfHcDLGPUvkVDMfaePdatiMdKuxxbyTorfwtcMDzudsgbLSI	\N	f	tpgdQNHrJljyMYkjndlhctivxUFrMJnpDAdmTvKkYpvzCGVvHHNLSoJLwwTEAjwMjRpXnzVJsuzxyxjIsMIyiEkfubzLnwntbNQVkXKVzunTOYHjPmWNINHdkPtpXhOiUlcMLtHWXpNSSxivaNjAdS			f	t	2025-09-18 18:58:51.585866+03:30	TJAGuvJVGL@example.com
93	ZRKUfqCSvhvLLHwfZlLRtOXnJwFITtldISczHpHXwLeeoxaJYkcwIszxXYYGRfoUCzfmZjYEUSrZMuTXdpAcjnkbJDMbSUSyJfyQEtcCCgxFIxVpZUGzcLLXHMYMvEQj	\N	f	WKOQkenoPKTDBcRmhfxNiwdBFXeNaXTqrwbwEnphiufMnjWRScCyxKVmFdvcKIbeQEEMuYcYbfEoMQwuUREIiSOdzUEVJdJRHoprybHBsQJbfrPsZYialNXnazBJSIvbATSpUTgZpOuMAziRhfLzSv			f	t	2025-09-18 18:58:51.601607+03:30	XDTThPzlmY@example.com
94	htZJhWZZdEzkmkpTUuJghufrvLXEGbFLkDIXpWpDiLAFvgPHNEwTYmXZUpbGSgKKEglPhTIOqfRqoeVANhhkrEFmuxJCPlIDivEJqKeJvyJTNoNIFEmAIXRwmAlXritf	\N	f	uqHVeZXWIpHeyJhYCPeRsuVvHXYzkQJUGcNQueKoQMjERlstrleIyiSjMWDWHcLrrPhnJpamONddwPAhixkjaepGIusNYHGJLYeqXRBERelbUACtRiLAgMMoOGcPxrOxGwDhfiqXpQdFbEeENBjXQL			f	t	2025-09-18 18:58:51.601607+03:30	fWuQBdXJNe@example.com
95	gDPZyvvgVStyZGJcHCiCzSfWfAsHaiGgcfargbHZvUqnjBNocgpLxOAQheYaCQTWLOZTsWrUeZSJBCkATMxARKwpritVvvciaEEXytVjRqbfKvXXuTQZxUBCJodcLNTB	\N	f	yzabEtdCSQsWSCGZfdFunBRsVemUDyJmMXnqcqemHLCYrYGdbmJaGAYgtcUWEKdvoFlJcWRdqzLDvSfFUIdsXEKXTnGorlHLUyEYnbPIFfEdQktyNdcfEDhjYaQXSClrlLjqAbJeFrhjlBHjbRPzQw			f	t	2025-09-18 18:58:51.601607+03:30	TvvJodGtpD@example.com
96	WkuUZkeXFvgusOADSIKeGooRBKfRticjADrgbgvEubHJHutaDINPFZixiJqfanKppJSOGkLKcvmgGHbKdSotCSTHgkDiuCdDDxOSHugDGxDppaMBEKCUiEEobpBTnXnm	\N	f	TNCMjUoyziyGsQsBQojTzdvGnfNnnhQKpkddcPMxMMSouInhZvHYBzdZMjsYNVpRaDslLdKlybUsDrMIanDLdxrlFOEqBAmmXoyUeVnnCgrUaOdkxEqUdbKBFLdNqrrUwMHsHmyYZMrtfeCILUOfbG			f	t	2025-09-18 18:58:51.601607+03:30	RXTDaHtkSz@example.com
97	pmwIOYHPszbVKluuINHLBFuFUhjnhjxjzKvkbsXsPQuncVgbTcXqrPcUGWOcdOsCMlqXpuOMRTZHpEnFEUalbIHTLpVXaBgaSoqGVzrbxrowpyYChaPjcwhxDNLYtywN	\N	f	GeMsSztyAjpEJXbqbuECRDKxlNCVrftsJHSyqvQNpxhLiynwNvTPvllftpiIylVlSfYRVRMDfqvagEEFTiRchFZaTnwTvdloXAEjHRgUmJkCoSXmtHCNdTfKdzyMyBckDuEIWjDvLxtFEvSkaWjrrc			f	t	2025-09-18 18:58:51.601607+03:30	vjWJKjEwmC@example.com
98	QcjUuPyjeSZkwxbVDwbmiXxmRwvszTIUEgNMZUnewvEJWpodbDcNFPOMAiEvykqCKnITYzDflCnfFUfJOyoyrOnLjyuySKzMemDPvBmkEmbbzNiYKBdGcwqtfMRlhilC	\N	f	TKjBlzMlTDAMVTNNLTajpRatGJAAbQvIUffplkScQAJLvCkEAwYqNoJvVBBjDSQImIBDkgKlHcAZBLnzJFmQiweeyskOqpZhHLkKaInQwPtRCySsVPywgLsOyxfJcaWpfFIheOhwdPwjDfIblgJGDx			f	t	2025-09-18 18:58:51.601607+03:30	xpjtWAlMJV@example.com
99	ZUtgszmWdJfQbexXjmYkUQsBXRJwlNDRFLViDZZEOROMApWERnsOexHpJscSUBlhcOdrtGsHYeynLiqCBVwEvhGsPSoHvwOnlDbqYSPcVfXSeyqXrGmPlFNoxKxyDtwM	\N	f	eMEqIkzTDVdsyPghwtGZlLqWKPHbtCfgCBeKCXEMOjGEonaJPtMotFmtXheBjhyDpeJiwqXrYqJNJaqYlkJBLqXAxmAkrKasDVGwlqMWzVcjxcllSCxWpdVRkoAIrNHvFmVjDITjyiGUIIBQygHlmg			f	t	2025-09-18 18:58:51.61746+03:30	VhcklrCaMo@example.com
100	IBABbxEcszPMpJSfUcnfFlMpGENUTOtsmjXXSMmJgtusmeWRBFGqVDEngQZNBzNvfTFGhCzbWkaXTyBIEXKSxUMwViEgPiaGqdBFkxEDuKYVMsPRbJivgwRydHAYMrUC	\N	f	YvFQXPtLYNuTsPfiRXMCIxBumcFwEvUKKQzqmigKUCaSLwPnfyzdVkhpAVnfLegCskywTqDYIKVldtqmOEOcnAEjQmJicuIFioqpFtOitrmUEioHtTYOyqadHYYYohSauENxqPWJnvRAKmeIGrZAOZ			f	t	2025-09-18 18:58:51.61746+03:30	ZAmtdeEuAr@example.com
101	BkYObDUyoHeYdykiQEuLAudosGWezzBQUbEIxDxDnNzsJxzXJCuIHvvVfMcUQgVfvRuHvJZLphfMMiVMMOREsFvPPrwbTeJTwmeVEBourmhBeqcWStfMILSFGFEynpxC	\N	f	GARZmpRfQTAehvaFBSAgvcvVUvtSBfMMGIVRQPZseZFRiabgpJyCpqxInGULHQZuQCPqpBffZLdjHZwpmCqHlPXavIyaMeUGeduVOGQaEEfgKjOMMUMbxUzoWiKhFmsRqFupzgmJhdsOjksGgbtdov			f	t	2025-09-18 18:58:51.61746+03:30	dnNHnUwIfn@example.com
102	rpaJTaRWdxEGFWOkaPRgwDpkzFOaniTwZMzMmYQLgoYIrCzVYeNuFfsveBYUcbvEUruVAoyeQgjcHFSvEHjRNQlUaxsvEugLlOkxMJRbgWbDabQIcEXEsJPXGyjmWHYo	\N	f	NNhRXqaShqEeoSXAzPBHBrGgDfoMscLMjjkHVWRfLkbwKvjXRBctZfgZPTspwcfRGyvYOOfDEnUFFThojKctsuWksOnZWnibBZNcOScJiVUPsLOxFqrMNyDUoWCNrCGeWazjhdAkRCoKPVDkgpyYcv			f	t	2025-09-18 18:58:51.61746+03:30	dJVDwRQena@example.com
103	leajKRsZcOhgpgBqjHCZInbjvCypMILyldNHyEriDbIqqhpgdMtpDhEoLBSqFlMbXMbiDCMOVGLHWMoxdBZUOjNIaJcgDWKMDOgLfKOBbBOIVDeTTOMaJFHvNjeOqyQC	\N	f	mFUYnkaMgYLxMoFWYcKCyulmxokMSpZHhGcEyyVoWrBYmCUWfKAsiBDnecFJCJQwCDLSlFqGEmzHiPrDkLBncXHpUzbiiBGoCZQplzwYYRzCNQEgcKYvUhSfueUVzsAxlSHqpEXarcTwLdIsllAImT			f	t	2025-09-18 18:58:51.61746+03:30	CcKpCGYXyy@example.com
104	KukFxFjXsBXUuSbneHrJhbIwTwfVFbXRPJLUHntmwUTASIVLroyIaxkxgiUjIXoruYNOLtyJfVktbPqrzIaIDLRkyZqxBWIknSqNJKRBxooieHSAzKIbNmVfXkvLIAyu	\N	f	OEchzppBmJBtBeyuhxXjLhMcMjyOPedShwsyWlLQIzzPowrtRcNxTWZDeGwbyIZfHZWPNYCTDtgfyHJBEkubanDkIAKDltzykLeneDbiWSvDsxtRgGHjaHxxOcrCRQWmYIXTzUBAjZSKaEoualBTcM			f	t	2025-09-18 18:58:51.637952+03:30	dpNIhtqniH@example.com
105	DuycKDYDDojVBRHQsKWgeyqHuoDJxLEhOmthlxGMaadpZzCedNyYWfkezJuvndXezPjwsOxqKmJbGcwQOghuPjdJicslDbGdVEeiunTyaqczkTQjiMRvGryeonKfcmgu	\N	f	mFSnAzCkbdXIpdsoZyHLBImkIDKIJoZDVvzyLOrKXExnEeBNmbiWGtMVzRTJUlUOaeDSnCwNbRBGFDQUsEcunKEVEyEFJFGUGWiPXrCKDHgIiSXOdLFzdkrZCQNRIxWgFPTAjPTlicNHegJMUyTInZ			f	t	2025-09-18 18:58:51.639982+03:30	hMBQRpcsaS@example.com
106	WhcFmVSZHvRkpjwumkWPaiqyahWqZfQATbktyxgrJrmYMNQTblLPbaDspfqaPxwRNGpWUOynvBtZoaAlgTDMriaXAopLLTwCstMgyEXLtkBKmkcioyRJhJcZzUEySOQm	\N	f	LradWxxSRaQlmDQNNTDTfafICnIxfSNsnpTGFgdCWFlnocgmwrADfDVsgsZMTfwtJBSGMxAluBDwgbSRLJvHelYjWItqKxUdnJyecYxdujesYoJPdSNYsysPpdXAwdtLwLNzYPhLPQOWsMCGjlwGgh			f	t	2025-09-18 18:58:51.643979+03:30	blhJOjCsVF@example.com
107	QFsHGfoRWkyHedebdQuIheXbFWfWaKtQjfDYMBMpwhNpixuBthRlPICbHwaQkalUwyYlAfZSvlDDSZWLteWbMNNRwCUOxkJVCFsMPbQSnWYSRqlnhzQPAvkqZkkOqdpR	\N	f	azeyuwqgDWTfCgPtKmJjqNwlhXBqATQuuNhKoXyUzsRklEvAiyoIXCXdBMGHXUGCeEzcVRoCRRPPUVKQcFhYuHRVrloVENCAXNsfvMRFzAMMbVsylBanABYVnasxGLFZroTzIBNcAJHBUJOlfAcBsJ			f	t	2025-09-18 18:58:51.647953+03:30	hXSvXflVLu@example.com
108	tWBRWsIWOLyrIdraeIgAIsUSBqYokXAeHoVyiUxMcovdAXpaZmFZaYYdGeBhIkNkvseevZfICXsmnMoWOnoJyYMjHiVYIJyFnQJdwGUvWhWAhSLOZZjjReuHOLihuYUg	\N	f	ZGCgtwbQnqetAFEOLffHyTpMMeaFznhMaQWdUpxPZXltYfqhMsKqKuSCVTXtBaydWsUSzKGvlaUmvvEIywDmnWgJMJsgTcIvxeEPRwrULEkZSzJePlipOWFqCymHxLoLZRXIqXtUffQtiVTlPCwQPl			f	t	2025-09-18 18:58:51.647953+03:30	oWGgyTwMgn@example.com
109	YRCGmCCjdqaueFBXJojFMGWraJytePbckFPgJuSjHshNWkKFRgQDIMLWCwCKUxuPlsABMxXxmTfNAMORyyMFHWlrFpnhdtOUzcYzcuJBUXCBQMZmRbxsfjWxEEjFQhBs	\N	f	VDavQrGBPazGJXNiQDfXNmSbkZuZraKDgdKXxqnVrZIyZlJDIvDsaSBaOsCXWuwkdbOmhPGGUGqwlfNnZgiqDCUzgbuzezAUkmkmnrcWXkMhOjLnRkGEqGFFrgAeOQXXecDfsqakTEfWefJiEefzwD			f	t	2025-09-18 18:58:51.647953+03:30	glRpKsOYQW@example.com
110	KJCitxqimYQLaWpXBfauslCcjZzHIMJrnVCuQDDemufsUFmSBaQDddqmHZTBabUhvYSKXGZAVwmRLRfLOQhnRTLzAKoyBusRqDJzJbbFNbzRKioSdQMcjvJDMHOlNabN	\N	f	kuJNrFnfzVpfCqNGFMjACvncvDDJsSPMlHeKaIBEnZWypbnCyFkDMhvkwzBLRXqAbXAjjYjffPQhkxpcPCkCJkVhjBesdiZTKqTYCwolMkLifmKLAHHrNomjwpiCSGgoOiHPAxAwjRDDkhvtlfvMwJ			f	t	2025-09-18 18:58:51.647953+03:30	SVxXKFetFu@example.com
111	DNtREGRWTJOcEmIkmMlOmivTvgZdQSdrZhQPbvsEIfQJLhRZnRONivDKKBZeXezDPIvhXaULDBBJkFTsBfwmXMekAjFFhdFTYjhsfTyVIGxwaWvOjgjvLTqOmSHFmSoW	\N	f	qTQKkTvgzSptRtivAjxUPCvvftweSsacASCXuVYMHShuXaZdPMnsrnCODpqwTVuJoFDGJAAaQmgIuERLRmRyLHkjnDWxBlIszxOwrZTtYzgGVkOhvedRAdxRzopocumJQOLkBEffBjdoDsQGPvcyWI			f	t	2025-09-18 18:58:51.647953+03:30	ByfoHWjTMB@example.com
112	BCyutmKUjSFRlGQcgBWolLzgCiLrbXCwzMCzamoyPXiHCYlYKtSqqsRrncpwAAKXJLqPFmGcLYlfTsQIbyJNvGdaywwDYizlATZLhCldsyoRHOCGDmHlmvmFwWLKerXy	\N	f	toZWfHmrEsjsTboMvJgINNllfJSBdtOWzkTfMhxniOUkbrTiQksbIqUwdFfkuCSDDLmpoWwExRPFVVscvUXFtiFItUDLGeTxlMWdovFbOGGMwEsKGVwfmrhwJnKAbqjtmYtgKfxlsSkEmFQFTdeMjU			f	t	2025-09-18 18:58:51.663985+03:30	lnpTZoIUdi@example.com
113	DEyXmSkdGUacfcDjIlnRdmDyIXKNzxBvjFohRzjgFkLTGBRYypDBlQCApDJKCdTUFMDnTVFgJSNsBYvxPVAetvhZDMVpuKlYTpMzjcxOseTFwvfXfwLAcvkRspjmvNca	\N	f	qlhzuMvaFwrVGHkXvQAjlXsdQssAXNLChSgvnmnbpOrNIkNkMhRzoyzLteAWSvAojcbGDsvoGOPTTXtbRwMuyWQUyyJbiStODhoYvMEklMjQyZVopNAQMaBWTfWLbXsCufccJZNesVuNZjveKhcLWj			f	t	2025-09-18 18:58:51.663985+03:30	qowbgvkuej@example.com
114	fHGYryZwRThBZdHhccntKPVQeFyhCfSnVVnxRxatCuAxDVcYohByRJXBRhXrvvooDZijOSLuCHyrqzNGwKYteVFTQnogNmHxnOgPJhNsAypCaoahXfOlcBJjSwdXPjiV	\N	f	CViOSOAYCZxoyxCMoexbGYIFhCVNWhtiCuqMANtWtXKeMkSUaebuCDKQJUaQKqiftuGAfIaBwTydwmmpXmpUrmYuBinbcIRhdEDXiFhPjLYaehlQAZFWaARarNNgMdNQUFcLPmVCzskIYMWNZJYPqF			f	t	2025-09-18 18:58:51.663985+03:30	ULiEltAKBZ@example.com
115	ZPZvaPVPgkTdSDeHrHlEZkQuuIjqzDalQlNSCTyuyxOerCDshfelaSfCgsvXhoeIKBmoOskVEaedHKAowdhNphBMxljaxGPgrqpxfbyfZqoTTaAkpJdSXdGriZBFIJax	\N	f	OUQvFMSrbumCbwfhrorUIXaonAXSXLBmDvSgFtlhBJwNmgnqoaUbdIOiLLezNRyKBFOAHqEBeuXOQfdhRcBcNfMrrbawvfTIMhgzsfwWAMQCybIvVHRjJDQGQqaRZDQLAyMxOEnKKbRyhdRPfJYCNa			f	t	2025-09-18 18:58:51.663985+03:30	UTnsvEuFzc@example.com
116	RUzdLZMnzZxxmAdyfhwOOcoGWDlvzuxtXtPrwgxAWUredHWfCgzgxUAjUbAKhMlIHTRsakjPRcFecoyVttyjRrzAVkbLFkvezblDTBAljuQMtRzSUYZfiaHQsNulqCed	\N	f	qnOQAJwItFjQBHsxCEcXHxsaoOHTUPebzjuvcnitlknhhSvzuXpTEfBzUIBUsgiSMJgFsKKKBgVStweKkHzVKSyjiVXMdzbejGugTUQxaPzbmmxqNbuWCuRafesQlaqRaiAEoPeEPPqMOIzonoPySP			f	t	2025-09-18 18:58:51.679833+03:30	ZbdElJXldJ@example.com
117	WRWhTaSEHBlhldVztyiYSWMuooFYHStklTEAaQNuIpmkgDBsTXuHpLAKFNqueneMyzmlRXenMAXzvKLQtqtgjsjnophQOZfIMcXohgPhTLENRlFkpwIAtySygcxovAvZ	\N	f	bXAQwPOAOYsNtzNxwSSTvnGRkGUCfTStlGIRZdJfkBAppeUxGeeDUCqlbHuBpDZnVNLmXiXExnLoHxEGIIEJhAWdpxhFqrTUnCXWmRqFkUFgQHmlqRbDrINhNWHkLHvdkilnScrJTeaAgsihkqznst			f	t	2025-09-18 18:58:51.679833+03:30	cPUQvADIEF@example.com
118	NsMtZWfMXtAGTbUkOFAZaLqUQyddzqAjEKfohDtVRRhlgNoWXmFkFsOihulUbxcFrdTXOPmqbMCOgFxqlipTxEeRWJhBvUvfGcTkwxiWjimQCgZLmUgOPHgcxdznqOfj	\N	f	VjzDXTktcYgtbyiaOBQZYtzBEeKBGCjfYBGlsJLqeNXMkBRtJDomVdRIovAWIIyBsoWzBtQFcokcdMvPGmjvHRGnPjUxHcVDJoAbBqjGfEiZEAmLWWoOivsEzMGbRAsIBTmzDCeQWqMMtlCSyqrIdU			f	t	2025-09-18 18:58:51.679833+03:30	QzulcpTrsf@example.com
119	BtsSGDIizbxFAukhHcCaPpQzdiCeHOmwQuutwhNBkiykYYaPQklSfEceagfCNesRHSjDrjNMDqZFTqaKQjsxcRpotDqBxTojPxClCdbyVzTpvdAoVkvgmnWWeIdtBwAq	\N	f	jjiGjTuJepZRsjFZYYHWsflcoaEPxlwNfFiiyvNPAHBRtPfyzKaJdtKRUyLVGJYpZeyoUAwBcsjfhFCYBASEYeGFUkwjMnUlOsGPNhhzWLacbHtqNpithFpUrAEqtycVkYcFLLsKLhGXssnXwoLTzr			f	t	2025-09-18 18:58:51.679833+03:30	bMGdJijLTx@example.com
120	gFDfNvIGkNlaGMubaXwhyYqncpRsecoQEOknoYhkMVBxvHDUaNaUZMtlEQSHFWakzzsLAEyWlyotZzTpDqbdNlDGYrBVYkzODXLkvwQlFsOGkgojbTqETykgjSyxNrlW	\N	f	fQvAdcATldBEFkPIJNSXRdmiFTfRUqgzcmRBHwvudxDoRuPIKdtljRfRDUYVYRXgEaKfKerbcffBYNPkEOmWbLGacMxBOIWzbPZnLoEFMxqZKcDqijfbaertfkdoRzwbEXRpXYlAaZmfGYqGOWGSdx			f	t	2025-09-18 18:58:51.679833+03:30	mMqnQWWHTK@example.com
121	knaLFrkCpXJKJmHeWwltHFDreKuJNqYxKMJmxwlnZpNOaGurtqaLLGkANKYlUhNyPQMEHSlNGvALEretRmoFslcFInwyzkGnNJKUFaOJQNdVZdaNQdhvsEWCqdxsnTXS	\N	f	fRGyknaYuuEmrFQHirSvwCXlstXUJefDJUidCbXJHmPXodebkhpSpKacQsvFEPKdHIWNltGvqsUKjADCPlTFNVwIOZkooKWVbljQQPspDxWtQeyngthrcXRalwcSWqSiInFcxhjRUVhCsTEPHkszgX			f	t	2025-09-18 18:58:51.6966+03:30	BTWISajHbL@example.com
122	FdyPumfRtiQWyYNRfMKntSHwwosrZLuPJywAIOdjHRkQHsZqlKoSVHrEMICkimwvAuKkqlEfniKOpQGlMFFMDZhbyxmlHqWJttWFbDoFcrtySazxJCBKEpJBeSCjzvjM	\N	f	klpDeTYYofcCZtHqkySPQzmgeOxcvdsBfysMnKvExGpcENvpIbECfCGhYrlEKcNzSvrMmkKzDpmbYvtPXcrtferdsnxYrYMuGccuBZNhchMzfiywPzPlCGNvXKaXbrngPvnKqNZeBXjabnOqcKrHRd			f	t	2025-09-18 18:58:51.6966+03:30	CYpMIfaXdI@example.com
123	fANmsueDsCNlVXLeOnyVpmQZsMNQeOqFgcTjaZMLDWIzHOmsIvlIXoyGgWhiPjuxPdnqRyzFOfsXauYshuSSqjpKRwyjLlKiEwRbyQcRHnFnRauhnHlUgHngFjddGAjk	\N	f	EmRecuscHPkiIlldTvShIUfnmZxMVAZTLDVYpMFxgmSssOzVFMNjpmreDzjDqXwvljAfsWiErEOQpQIxCCMuWNooxZiEsMwxMWuloVHBLGwnvwuEakMaiMvnWgohoCKIqzEAAeRwyTvtWxStGboaFc			f	t	2025-09-18 18:58:51.706605+03:30	gLzaGWEive@example.com
124	XXYbTSPHcmYsnrwLoiXHWBMPTHJGBxhpgMPHPBSkGnDDkFKyrluGrvvUpFSvFUhINBIpEfKBNpuGXhzFgrrglWFkNrbsedUnvbOeCuPuDJdSCUkLCDjJGNPmQSZVNOHF	\N	f	qdUoDngCEQSEiQyBZsnmAAhxwAUKSlgZiERqVaMXcBtNnUwQEmqpbPpkyvzqstppmnCvBIxXbvHelnzkGSUksJrzUZyFBMIAEeTEqzoFJTOjAuBPmgXEjjKUZQiZrPfsjxFhYkezartVhBQHpqYWbk			f	t	2025-09-18 18:58:51.711606+03:30	DZuDqvrAHj@example.com
125	ZVvrYIkBXjnRoSkQCPVLuawpgzAQvRYyypovJCHDRsaqIWEbLwmCbKYciVKYFYPSAkaiVCVSRDoVgPSzoXuZiwdplHxyWvZCGkkxRZlfYydynxdQAHSwntenkEtbwNQK	\N	f	HHXfTjGUjBbsYTwZkboHUqtfOKoRGzKVdLohtBFUypScwkgjJFiJpvqANanqkfSPOAzvVKtQaahhZxwMzacMHgTVFKzvnzGLDgAgCdsehxKiChROcoUXrMskZnvHiXZgqCAwYHcPEKVrXVJGjyNouK			f	t	2025-09-18 18:58:51.716605+03:30	PrAImxzKLq@example.com
126	ZnQHdqXgDEeVAXTxXQwEpFFpkgNBrYGmFThooBbDygbYPoMQsRnBeyEXkBvSLvbNsHkPdvZARoiQkoPcdjVcVDwQxTAaxrAeXRlhVlcNVyClZDMWIPRuXiwSCNOeclIK	\N	f	AiqCDLOpOgZHSizJCznThVHmBWroUBZqqpzjwvnsqdjMmHFmRfPcWlMlLHaZFjsqSuwysPAwPktvhtwKjuCXHYzZbYkoxBHHaUFEtNLqSWdCZgFeNOkluZczvZLPsEIUFLccWYArYsgXNOwnzxohJJ			f	t	2025-09-18 18:58:51.717606+03:30	KjrQcpLJLl@example.com
127	isNWXyrbQVQrSVLgqNMvHKrpKDcpUaKNQiQINYijfBXBJErKjIHxzKAgcJIbOdfbAdojCScHLHBYPdfYUffBTphmASgIzQClElYFzwKMuZhDexIEFVgySvZBoKKWwKIu	\N	f	ApjkYRkYiLHgLjEFQbEZwgDSbtyYeELBCzEdXEIyhTGysgxsVqxyYrGLrdzrYVxsBjbHNdsxHyjbApCfJYBjHMBOaJPTMWppaPVWCKcaHyRPXFnHoYkyoQLbuREbxApBJxZEvYCUFsDBOAeWKeYaTj			f	t	2025-09-18 18:58:51.721606+03:30	iZkPhDOwEF@example.com
128	XIOxDIBUBGQsVGiqGqOXlAvqHMtBjzsOVpClUzWWawDrOqSRCyKJqrFAgtufjFpByvIDydPbuhiBWGRyNtZOeZDuvWgcFpySEFKvpyjYZxYWnWqzMakITOtoorIrRkVT	\N	f	rWNXwlatjAxQfmnAdDruBrOzAvbUrvTqEmaWXgHFtlsDrADxoxDHAutqTTgbhzgrvOnJRLAjhbiUjEiRYMgZujiFzkSeBlSxAkKfxwIYqinixdfEGvvjFXcggejpuIReFrKTUhJyHUuTeMCMSQiAZO			f	t	2025-09-18 18:58:51.721606+03:30	axURZZNaJi@example.com
129	WFNMVBjTEqGOiqhKchwUMWTiDNJXLTkgHSUAlWIblFKTtDTWZfAcaQoKfJOvWDjmvohalnyYOMiRIYkiqofbFOvWHvwHUffrlbZZhkaIBNuHpmcjMgdGxkILaFFczNyA	\N	f	UmBYPgiXLvWZYvRvNofopRPtiOQcYZPZOMSVXyxXvpcWCVPNcFpsMJjPPcAfOBStMTOOabrmbfiLNBIKKzQLCXAkarSIUhzZBAXhUdGIjeXxceTNXUuDTEnbfcdyOaeTRkNZQEFsNbrPfkVJvkvAsN			f	t	2025-09-18 18:58:51.721606+03:30	tTucdPMlTT@example.com
130	pmcjcFBgDFIeJZebzWrushvstmvDnvlfdbkLWEJfGobGGejeOnKqbcFqEivKZtBCAUioVMuWdLFgiIRZQJprERvVXcnvynyeXZCkbSLESrNlmisKxeUNbFGKjfNgVDvc	\N	f	raFLPSzSVTcOBMTlGoEqTqwpBhPnrjdzehTeygMcFCLlatLylfHTpSdvPDWyqZWadezdFyGHqcxMDSCvhqvsJsnAcCvLHAgrUliZgeRxMRtqhKgnIOCwNlkHvouZIFsyjdrrjkncMQMFDByCLmSkUs			f	t	2025-09-18 18:58:51.721606+03:30	cCiACWvByz@example.com
131	nPtscAdwkHwXHByIbWdleCSDyflPccVoWsxvuxiKsCKGxosMwLUKFdGMxewqQATYPBZdJHDarTBMBMccAFpzVVWecwyEeDwHqnrJbfLjbPmgwtBycyvnEQkVCyjEiOOn	\N	f	NHFUdiqJUZjiqlyqKtpCNXxTcpGbbppDzgWXGegNWGJZQIWnQSMbwrFXwNntiyfRZIyxmfNxyqmJJGXkUgFCyutwbGPVQVxFwzVaPPbQBgJNdOniIhjXimNjoEwuMEyqzVqglkUoajZHWMPgcLaaPP			f	t	2025-09-18 18:58:51.737625+03:30	LGUwGmIZoO@example.com
132	nVgtLeqayuoSVQiRxvTQmTntYnSUyNNGalofacSaKjqkcwomiUvsWdeKwuJlUgqrXQfVNeoISBUNtRpxlrSKxgdBQFgewUewHEXpmHZihZUOHkuJzlUGpqzVAzgEBNys	\N	f	fBSPajvkZtkgXiwRVRKgckiJEgXagzPXaYbWepIeewHnWJIeFFzApxlbrEJoZrBOKJnPNUmdgxIESgxmRZOamJBzfvcBcSuRfBdEpYtfiOItrlaEKfuwFGrXXzQiwnFYNQVfluMrxUzDWpeVrthTUu			f	t	2025-09-18 18:58:51.737625+03:30	vSgSrdfJQg@example.com
133	kihvMuYkdIkQjoGVSZrDOqctAePFbuSuhADUuBPRStaNaJRLqLZxFJiFTZKtLFmIDUzAfyCmzrosocBfChnUSgBKaZYCWEudQFwlJlClhoyHeKOXKuRrBrxiWbqTuYCV	\N	f	lXzwbsjGwKiPDYgjYMByannXNXGfkygOSAEkMnjWoiPagyhLaeCONScsxtftVfpfdTYOrTeRIsgzYQzGXYLICpAiDKgPgQSepXQABxozjMbtHotjggtUqkveoQHECnqBQSJXsPplDssTEFvNpIpCBt			f	t	2025-09-18 18:58:51.74196+03:30	XmUwHaGqzx@example.com
134	ZmfihUJtesrKHKsJVBgyrDAYjLvwgcDaPmWNFxarnVEHxcMNLSmLctIjhbwnPeDjUIUvjHJtUyIhevBQlIcmpDsqcbDUlvSJoIDNAdsEfamqoinmbAZWTVVbuFEFdGMh	\N	f	qVfcUvbbQGdQxNhZZBJQYUoJWwgVrsVmOLVPRtzqgmSSHskGOyEePIdrvkxavEuBNEHMpZiaTOGGCnMIsanZhEYOKpFbrmpHLOXaKbJHklsnjehNrswWtdavVSDGkKoGFNwLodyCsXRAZamphbvmxj			f	t	2025-09-18 18:58:51.747974+03:30	YizvrMbaKi@example.com
135	BCfGFVEITnsVikOpwvKSheXKIynoyTtSPNyPCnCsiusUlNyYaLlDNqPcXhVDYEyxsxYYaaPlCvKVKzhIJpzZRCDWpISPyZOghPpOpNKekDbUErwLLDqUrwddgvHUQIwo	\N	f	TWwLFPvWEteHumTdDvXbbdZGWdWuNbzrUZhhUbJpoLojxIgbyYEpQEOuFskKhioJrbRgVbpDEysWChrsjeZRDpQmYVXgzEdcHAqsMzfhHUfkuuxJMZBuYRElkomjGxqwmZsUkIECiOYETbnZuSSIMn			f	t	2025-09-18 18:58:51.749978+03:30	IlCvUGRHsn@example.com
136	ivqZFIWQBqHrYFJUwLKDcJpZsAqzQHNtzUdqewQlIhUVNlXZRiqTBfMzWoNbRjnBxohGizDTbHVetKepeLQXusvTDddkQFNkGcYVoKhKCyGEhMkxSZMuPnlRCQClEKQF	\N	f	ulTrsKVxPMsgGPuqFmAPkUZdKpPHqYLRJYtrvLcDEIVidvNotKmZhzVzcTyColinoXJczpPOIaBoJHBQODRHZdffXXqaaMVgfgrgruVrZKJPKXBPunxGiZHmbUeZqAojwkjGbKCoKmpCaApKHcFMzx			f	t	2025-09-18 18:58:51.753727+03:30	AFdIPRcRgp@example.com
137	OPsXFvridjDdFYZRuFFCvZaYJgTVWGBrKqEAwVmooLjBYuGIwQOMSZsEOyKqilvluTOlbpvbnAfwcUTUozDrXSscURQWwwApfSYvEezLOAtkgzrrajSkOIjqcTaAXFyy	\N	f	RzVTQYnQArwEZgNnZgMWoIReIpDTzwFCMEyXjVlfDpMGgzWbViOccwxiEYLgzXtDuaTKPrvdUnZeuDBLozwgjBarfyKEdrReKaQDxKoKtbqnGuTLFDOpGlOcGdDoOkZLxLrzvnbELwpYZOrHbbpQCB			f	t	2025-09-18 18:58:51.755732+03:30	ATxmnhEzUM@example.com
138	UZqHCEWXzhpsiYFljmCNsdeHwJrUBFIbpaSoKVxrVLOPawVbeJYGMUjgJGLPTVAxUUbrRSWziVdNxSTsGaxNAouCRYSNqXRutsgWOictlfFNDHBrPWKCtyAvShQkAGFA	\N	f	VAVzzxNeiWYsfyhjrAVEtLkFeLXeBhdOJBfBMvXSdopojKCOkqujbCVJLkpoTmaeLzaHwNxztkiUKuqpkSzgpAzKiaNOtKSMtWGWSfZXMecohTRtJZANORvWqeXykeLzBtZDucDPJsKMjIBfNyfLEH			f	t	2025-09-18 18:58:51.755732+03:30	HIWYpMOunb@example.com
139	zdmuraPpNrKPCfhwdpSPxozMHBlvxNdrfCxIyjMgkwtLCyzsLUBQoIciyrdNgBOpRaDNeSakZCfyhyWNtNgEHEmUZFTGRmqJisQaENXhyYXnTGRUYrZjVxVlDqAUtboR	\N	f	EsRwWCObEXHAAuwvhFvNXGEsPTjmxhcdzkEeizIJpQyaFdQXcZrEwpyPybfTwTXRFerToDoTcpzbSUbyXfDCcLtvJyicZGsFIDCWjenwTftuJeyvRABSvobJgEfkBKLuAtlSFHkKWlIgAAweGmtaXn			f	t	2025-09-18 18:58:51.755732+03:30	rjKopbEbMt@example.com
140	kJzKaRiOuFRjjXrAaxdZsQgPPsDcRkVFiQOSUOzjpXbrmLOKsPzqrwHVnRQQkGHRElaJjDOxLGsKwXbBDoiBlgDAVdUEuilKVblmRpmHDVIQjSSdSDsbaYRidpGKxtwr	\N	f	bNgygdrKYuHaHPOsJDrwvkhqxAJtjUpdWkoCoZDZwWVtkoyhXwvczTtnEZcKcuYsTLrvOrCRjzWPBcBkEAQIjqjffOfoMzwXvCRwmQtkFccvYcVLZaZaCDtDsKvjGVmLYCnIsCAaxnbXbthsqwyNSa			f	t	2025-09-18 18:58:51.769528+03:30	klqoQiKvOO@example.com
141	vTPFIVrXOjYFOHTJkeznxXdRWoEYiHcNziNOqkUpbFRrdTZznUPGoTxmSnlKkbxsZvOAANJpXfNhZYtxULRObQvbPAWepcmEjVYhOJYQGzBCAXFPYAuVpbqcWxpiQbwh	\N	f	UeSpymhvDxfHarvPQeurdjcSLitzNYqEaPMNtzMmluMHcyYLrDPUlvMlWtmnbnxpxBxXFogisTcoYdjjlnUgQJkadAkYVAmjgCUfVNEFsLcYBdieUikUgqCshxlnlPylMvUxunQVQVjNOcgNhtyFUw			f	t	2025-09-18 18:58:51.769528+03:30	cxQCJbppbX@example.com
142	MTHhIlIeIEIwhKsGOZnGKChgQOvmMfkxMBFDopzhZURGspPyKIHFTBmnAbGqEfJkvmeZRWRKmeidFcoWzbzpyJTppFiXLrqlwHmnSNsEEjgNHwDDHHttnhGLFMgFpVBb	\N	f	oWxCdtgfodhXfUryrkATuLemDFfRUufUcRshlVjOWHcguLXNLsUZweqHGWDOzVrRhsJYoUZXnohosMbNalUVToEieKWNEOmvvHbCbLJMzzxJkBcIykmGnvHdTNmdzhmSviDHTwZQKGLkMLXniJOHeL			f	t	2025-09-18 18:58:51.769528+03:30	FRHOoAqaSs@example.com
143	YYEWbEPHFhPgRXHiaxaCFsBnMQdBVHLADIlYhnGuNLBUxuAwKBhvcNXemLujgFEfSfYBMJqrtRHkESyumxVEjoVIikFzkOFCtBfPXpWytRPYSvTgCONOxhwVFofATHPX	\N	f	LZMDnCBZzWasowSnwWuGUISrZCzUVVtlnBflWxMYIVgBFzfpoxDHWEmhVFTSdevxCmLQUcYMuwOfsbZljxTMtDpNftpECbsRmLnLTIvcIVlDbbFlRaATpuJsXMbEttVxgWbTILQicovipKHDUMXIqO			f	t	2025-09-18 18:58:51.769528+03:30	IdodxByZtV@example.com
144	hlIqPqxmpIPkNMBLLJxFuqUHoEoReaMJPYRKuijSzLFDtryVUskJChPezNEWaPBvHMdZXFhghHEKMAJGkhxTXnplMkDhIjqirdnzLsPlRRFWyKnTJDVATRPakYAySrwG	\N	f	YlNjmpTvrEwnXafawAbGDUluFWgVFlqbkRhJvsfRVtBAOnAFCoRhHlLFWCTgILjHhUmKicFlzftpbIZrAHhKSNtvcrUzhWaXcaRYznOVfWgkvAXHwiSCBTQJGbbLZLMWSDgCjrnNYOzhlAzdDThJEB			f	t	2025-09-18 18:58:51.785647+03:30	XQEAVKNpUQ@example.com
145	wONKVTlRGZlnzGKVjjfzMrktSbcMfgAKDyDpiMMsCwnDozpiGnNemxMVBaHmieDYXQrUVxlDJnuWbauquZztBtRxGjRaiEzGkMgJzfrJClChkntcSlqTNOjnlSpvymzR	\N	f	HsTvkVufqoDFmpDNiOtaydBTChXANzZLLWetgXnPzDYwdDhYWrOolrTLqHOaQqqATZzXyQgAbvbMbrebcpqYGgTWQVWxyucVRnyFUWQBKeTYFMaMUNCnjjkyQHRzzfgnuxGHZIaZfZxDTdejYQnLvj			f	t	2025-09-18 18:58:51.785647+03:30	wzZDmMObKT@example.com
146	mvqdBOOwxFTLPguNySRgpUnqPmowfjBUuJaINVMekclWqEjGjkukpxwglnoEPooFsMFbOtMhEfbElcCSrpauipMurHLwHWFbrkxjvlptpEPWnvEmgWjnjlXvrUQWAFJM	\N	f	BKZYPlrzhgfIiaBhpsEoxLIivctCPvueuzFdAAhWMkJLLJoNeUjPRsyQJWvnnNMUMysNSwoAXJUUpdxVLBAhkYmhnlqgQsNMFtpGOroNDlHSPtztyysErLQmyiiXlMFAxLYeTErExwJTlMLRPmShqP			f	t	2025-09-18 18:58:51.785647+03:30	EARNurbzwF@example.com
147	PfCKzQxOaxKtTtmQABnSVuVoqYvIbJPutiYpWRkTHDYbwrINfiiOgcfthpQiGoiYnYajVhyxznppIwzRnJOTlxhroyADVehZVtYvzRTEJbffgmzTxxiEhUtvsiMDhAKa	\N	f	FzYQvPgYfdjecSOYvvbrcxrguaEViNtLLrwClbwowdMShzvxiqVkhaqLPFVXfzQFmLqOpPgfeZPTDuzNLSQFHmPqbDIPnAyEMuLIfrGFZRGkSFRyPaAWIIlsfFoxPoesgrJjIWavQpItnwZNWQBaAN			f	t	2025-09-18 18:58:51.801436+03:30	gsPbQmtLav@example.com
148	nAUZaeYaAAIJCdvbGRLQWTQTpynzToExTrUJUzcmvxuTLlHPOcvFKjMBRcNmhWvSrKnhbxmupPQCGYDZQRVvdFjqfbmxzczPhGzfDXBvyokKhREKFrpuuJXbfTJElXJt	\N	f	toFiDUBnpIXOGAPklcaJJAGkSnXYvfHUWmdnPaxSsDjSBrfbESHbzjHTABIREZMQrdMxyVAAzEwoIvTfEFsmMdUHZTLmeuULqxRuILRoLaGGbLhQfFeWfEMrvkBberOtbFQGtvZGlnZhMMtHHbWahj			f	t	2025-09-18 18:58:51.801436+03:30	QsMOgtmyuu@example.com
149	iJpngnajIxjSvIcuCsmcLPiyagxGsPDrudUWtZedNAFDGjRLPTlXmbHRKGKWFsZczYQrlHiLQkXaFUzwdkkEgoddbHUIgGEaAFoEePKzcvumnUCLdWzXRMaYERgtEeBG	\N	f	MLrgMuUfqBAHTmhwiYdNwxEmEoWuRcQjZLXViUdZUxtDrmAAITAzqPqQsrJRkvbJzotymekYdLcZRzZECZrxwbjyMSHcjjDFOtZVenivERWVrdMRXgPKNorXFivjuSqXpKMIYhabvkOJAuCKiLXkVm			f	t	2025-09-18 18:58:51.801436+03:30	TOVoEcwWxL@example.com
150	fRzKbmQXecHYbeiewZyFYHyZrLCEdtTpETmBsIsGDaIKAwNMqsAdCUiWeOORaYvpNqOrcJwWoizpFTIwTquZaFWdSSneuusvbrWhtInjoTJqkhcleTniIhSEIjyLMFmV	\N	f	jMZLbVZTEKORjFpQMEOMaDVVnipxWOvPxfCwLuqJoLdDpjmhMxsJwgskewedxtFTEHYsgQiaNFKRldfNHNThZIEBNEjILydWVuSQAzCaVsZAzMjazCUSsxylOIFlVagGVwrKrrvvOnkHDVlnWIAiDU			f	t	2025-09-18 18:58:51.817138+03:30	AqsxNEcecP@example.com
152	usRBfHUAFvPlOlEFBHulpAxOBfioDGeTEmPkSQRIHDYrbLmQFoVJtpRdmwxMQtAaaxuxirUcHpnVBdTlUngFrVzgUTaFPJYGcMDYMjZXBMwXOXtoIwHGuWDZiZtjpPYJ	\N	f	JopyuKbtqiIJQKldoTmaIszARFTpDHrZcAarZKkwrzDeQrCXqrtBoOtkNQVilSasPfTkIvbAeBmWnNtMADnCQArTXiuwAuqZcNhZDQRfhSaGRlWfQykZTGrVuOikAxUnJoPUxkQIgcwgJLJwBdRmpB			f	t	2025-09-18 18:58:51.828608+03:30	zyVNqjAYqn@example.com
153	NJrykagnblHCUgfWLDsSdwHHejbJkwwJQTegwlzIHfBfHnDOeRHotcgAcWQVyuSsIppGhVstPljJSiEURZRpvlxuaskhDxhhwPEzTAozduwFXfCkNzqMZNhPZJtWMAak	\N	f	NShqSmNchGhzKYxTlXKujSWDubevGooVQTmTlSDGzxIBPezVJoSLmWrDSGqssygURXYfDsAnQZZKvJKLapIyfLFtVIMfxHGdXvnHtQvHzpMOiRrMRkuXJiPbHkQpHBMaaoXfQVqTaJdfVqiXUdCNQg			f	t	2025-09-18 18:58:51.830553+03:30	FGRiQdPSco@example.com
154	raeXIoZXQlORzyQaNVRdWPmaQdEcYZmtiyERzXcfIYzFRmbrZOYxLdNkVRKqZPCdvQoeGZBoBiVItFOYNydaHOlcbgOsmIgAwMekJlSZNPMzQmlWltoMntkxFCXiweDJ	\N	f	rgaiTKNrFUKZgJXCKCjYKDfrIpXPQZmbLZkRitgmDyJegbDAaHHOAQThgJGHKxaIdUzrQZCqUOilkyzTRQIJbsGfQMNmOkfmhmSLXAFviCsmHkzAZapjiwvfXGqZWywqagMoVSJqqYqITvleZWBPpn			f	t	2025-09-18 18:58:51.836447+03:30	gKPwfBExYR@example.com
155	uplxcEBqCPNTzibULLviYmJpcukgXKCxUvYYOtPGKmUeSfLcOGEEGDSAHbgqwhcQVllFCfVpsfnykZhvDqxsLsaaZXnbRzytXtizaxnGEKYunjayobjuZVPoPuTKLlJr	\N	f	WSTRHygIIgcqKEKVHdmJMcmyULiSIjlCPReqmiDjlKLtAyolnOKjjiWdhklbupDJSaBdbjBoCYceFGLQQNnNbDLQUGDrNjVQbMAXfbxDmeDtGCDowRVclMYmWnhShaszsVtbVBqEDoSlokDNJFfmSQ			f	t	2025-09-18 18:58:51.843153+03:30	RDrbTSlefM@example.com
156	IVlXyxPqPeVeKVfgRFOQFISqYXnZBTsUnPcwnTrwEAKhxjUEtSarcTJCkDyJzNZHOgKMbiLRYDBvzdhgSeqkGpDfGAetDxVZzvdnVcyQlrDSddyZrkiwigdRJTxMhIDY	\N	f	TliOzrAcujEjDNvjXtZRbsshWtxkqzCpmwyZIxEUtsfqemhKyyVYAXeFkLcpSSMfFxEuLKTeuUKJcnpoNgyHxnMCuvOpGDtIElMgXritsyUuhxWSKfVaskSJWqwlKpjCTeefwdOdvcWAfKHoQQkyut			f	t	2025-09-18 18:58:51.845023+03:30	ERvzbwetun@example.com
157	mWcinocTMGUDnNNVotMctMRAPzxhYHHpcXrICdOiFXgxFGytAVUZvFlHXAtfkKWXPheodPTQWXUpdKMmNLvFpVUrDoMxrYArMXaFcDVOFkSCusBFrTtEwCHuwJwWIMRn	\N	f	zWOKBojAJKADagTQButFxKoAjLjzplgoHLRBsAwXDxuwRjTaXfLYWakwltHmXggqLxwdBpZEqMJzBbplVFqbbvpbBVgqDBrNHrtZkytpgJLofwOolCIQGJffHfHTehIixmVenaZNGAOadlqKeysxzP			f	t	2025-09-18 18:58:51.850882+03:30	SCKqvsFrca@example.com
158	diNfnazrwkkHEtxzeBnpVMVSJGYeunIJRsKxDgDsayvvzgXMOtFpZnKWQkVBkxthzGLiTFJglVjbAJnAdHFoCySuPZAfiByFNHMPCLOxKuUkZDRWOfBVUaFvhBSmYpRx	\N	f	ySsQyxExoNShQIAtHshYQluNiWgUIYFSwPvfWlPyhvbHTQMgmLtZudFViCBvLegfQKxdNmwPdVeIeoRtuJFMbBpoFmEtMoxqAsJhRIOuKdyKDGCvKiPySaGVmkmoCIucZXhdWexOogRMASDLxgLUSQ			f	t	2025-09-18 18:58:51.855794+03:30	MxGTTUvYba@example.com
159	TsVnWdrNJdOLKIngSqbccvCSTsOAGqciSzEAoUBOACQHMFQDkYjvnBtXHwBNsmLKnILzfIChlKugyZcnRiEAMyJplPGtIWofrYOEWtPYIabAvOMOFdFvsyvfnVOXnMVM	\N	f	oOncYPYuNXGSxnsCIEqOuvwMulRhklWbMAjOwnsSwiWBSQScxUulZOHzZbVTKIlPJhdAzyDVycZzpkzxVhFDqjoelzdIdjVlDySiLzbewVHQycuVTQjJzpRVoFZvpUrEdXNbKAWhzXSZxXbzIcLHGV			f	t	2025-09-18 18:58:51.858791+03:30	ouHQYgdcDq@example.com
160	lSgDlzqLSlIDYIxdVhdknuzsPxfZbjnPMojtjCWhUBKdNzGBzFIpEeusYJcUQLVKAlgbwWMopTqrLwuXqJAdNqdIIglbebCiturUcLMkPmdwPqCsZMnTJemnNpiqcCjv	\N	f	KAwNpQWzTkEBBvxXyHBpqKiGCqJVmrsFkTEnfBiWRtdhookHYKHKOvnWyFAPKofMfBTQXDDvWOnvUZGzMuhqxvUmFzeItqCeXKZlOIWDjTomUuTTCOvNqmvWrApTOtFGLFYFcMxxnlpgbHvITviTmp			f	t	2025-09-18 18:58:51.863706+03:30	HkcAjobdJN@example.com
161	snaPEuTmDxUxWvwMCyxxnHqNuTwoqLEgbrmvLgSlObjfXYFJipHXwWqhAvHCeCdODUAYlqwAZIIKkQkXZuPrDhBJGCsBBWUbkSpQjarXFuxtFURXShHWIeIdrzNmaHpA	\N	f	GggDJiehqxLVSmiyLDSDFsFVRQtKbcFiDYVpHJCElkNCXHaiVDDbiqBTcEIGVhobYyqgZtjJTaLCeOPhmbstMALiTdNzgwXUMCXxjQguPTmuqKXIVJMhCPtxtehUEmpZOYsbLLLiETZZmoJjfAxzsS			f	t	2025-09-18 18:58:51.869966+03:30	CVcWBIsngx@example.com
162	NhNhdyargTijtAaAjhngacIWwdtGWrDoDykmBUVfLxjcAfFQgJpSQNXSKeVbgfPmrLzDZQmBKjRFsUitfocSZwmnmzDmBHwNSzAWSQaNTCVpSJsUHFwJpsZbFUMfhVKx	\N	f	wRkYQEqUWrBGwtpmUrYYkrAnyOcMjbzKoFGMgWIVoXSttiMYrSDrshuuuODRMxXQwgkEDZIfsWNlOQCiOeeMKafKJDEfhYfdvfwJblcQOuQmscnoWtgIvdMchLivMzhAkSRlGKsrFTVyEigxfWXzpz			f	t	2025-09-18 18:58:51.878088+03:30	TnDRzVLMfH@example.com
163	RCfxOeUtJcxnMNrETlhmwNKEiGXxlvgoslxCdXqZnBlbRugXLidieDglaOkyutymXmWuzJjYdZnIMlJCjAMksYDozMspQObRgZUQyYFfnrGZhDjHZHLcWwQGtVoQLoRd	\N	f	NXOVxBNIPtBAkHZxeMkGSlgFfzvHJFjZWtkwhwsxPFZOyAcPiIClrIHYCgZUKtMxwFiHSsqKIazvLyRULmAoYotaffqbuPYYyaurHYBdRgeNzVmzWPOdpePSZlhMfJeWkNaszBftrsMkmCFZcoyybg			f	t	2025-09-18 18:58:51.882079+03:30	fMGlWIZioM@example.com
164	RJybwQDoOwElDpdKUYMJYJZrQiDiSIOopUFWQDSIZVpKAelSvlInYmfDUPoSTGPuQiKSjqZnXmjEzaAMhTRSaCAGMzPxrkmZGlnTRLClhOIqCqbnmaDArViFrEenxUUO	\N	f	XApacaTSHcgxeYkvveLToPofTnXbjXoJuZTOBkzzRccvVSDTgVpQPIWGuOXrfXqfKXYdMykJAQJpDQSSNXufloYXFiRXTQzOYfroVMWyLcPRdatiHSyfBLnjlGxihfPyfTGdOgbklgpwLEVUFnmVVp			f	t	2025-09-18 18:58:51.885195+03:30	zXqftFTPCh@example.com
165	QTNTDQdeJDDAJVusZRnfTjTKjjdokKyvtZdAEIBIVlOsJxosGdfJvovtWHAMSgeWRFLIegrSaKBXkxezRkoQPyyZOaEDQhmRiUHquqBJvgIAHrOnliHeLttRpCAshOhb	\N	f	JFTMwreYOBUCNiMisBCHsWXaGsVOJvZFNVljLsnLJlNNrSXbhcmtXwwIAVqyRBHxZOCLWYADZxQMvCfIsZqOHLCkfAFgMmjftklltemvqwbgTEeJpRcXEPbKTRWjPJfuInbjhssEbgyOtbvnDcHkup			f	t	2025-09-18 18:58:51.885195+03:30	ehrBaVEwHK@example.com
166	aNIYOABPfQESQhQAaZNbNhnSUzDpvpcHIyaSdotUqccKdxMJuzhSrLQlEhIqwgodAdIZQYQCjzQoKLvclvdWFPmJrNHQEiSkfbjzRDoqUpXrwYJXcwphHbAlWVzoANHE	\N	f	OhkmvoubMDbAQjyVAyjTvHINGimYlckTAYlnWgrKnfAsOaTrKjivkWhZsnWeegCrQYDoFExmqcdWBuUQvJQtpNccjgXltzYqKwGcfdQlMdvVRvbuyINiJnUzFOuRhlKykUzfFKRpobVTqygADowzId			f	t	2025-09-18 18:58:51.890799+03:30	FtmDuRXPWu@example.com
167	zUsrkFmhFwlOLkvUyuEBvBibYQwLvtfXRlVCCANiLUWYpDKDXTVvEllMLPRFnDjbNWMcRmbaEmjVUCrhMFbBMUQlzeNhxAXdDQxquwlMnGTTwFWxYsKwHgxXSiQWqneE	\N	f	hMASsNTjTpELjNBYGKnxiqvaTwsecjuCjknSutDVeUSSLGbNVCXvmDicxvYZCTXLhcnfLgruOXAFEyDieyTEnKsaVgctWXOMiwToUViMaVfwRXVmQsqAWDXldQUZFJkgBPBdGWgIivnXhQnINWVMlg			f	t	2025-09-18 18:58:51.898019+03:30	ImhsFTfkDO@example.com
168	PrSRBsGynzHcaYCKjzTxYEIMzDIBvWmJhlRZkzFhkmMnamFtwnsvjILMJNfivVFPudwstDWvvYDVaHwIkHiMkEAozCpkUNnoxNlHiLYaUfVTFcOnHIRpeihTntDRlAib	\N	f	bUXOVLTgYruBTylTDpJLaiHDslEOhOuXTxcSDymiHglYeAovPCPesxodCnnRXnvnBgDJcbrtbiKnCezElmgWJncvybjbedQPHgNSWZqPsnjLkvxMFHRPvgdRKFlfmtiqGOguGNORENujowqBXyHKMZ			f	t	2025-09-18 18:58:51.901733+03:30	CrjdJaitdk@example.com
151	GWjRVeiBxqZWvYhANTUSVeeLNUVNUzPcgHGQpTGPDVvZijisNIgwJHpLkWkBVnocFrTkrokuYOQsaNFiRGwOwdYxoamMoVEqfHiyOPqBYplIlGslYLmXEOqTSlTYnnTc	\N	f	gggggggggg	gggggg	gggg	f	t	2025-09-18 18:58:51.817138+03:30	mPfUGDNvLX@example.com
169	yDPznphDMNItWuWdTRyegBuDelbMGIvvWUMVokuBTxQQnrjKXFLUHflOBVLMngWMRZUzmiTAPSSHFLgacSVTUmjbdDDdLdTShuMGgofArRsMDHbjNPnNVoJUpneCdkJO	\N	f	YanmSnsjHnIZAdjtNyOpuNxONxRnSMBNXbATemCKikAzJsIQrmbxeruicoGBFIkpOCeDPUrhpxlhpHzJftYFMvxpnxJAfzxRyhycGShzzFwNXeOZThPIvliYcvzuNcsxZtHwZLXsVoAGCXMkBFyOlT			f	t	2025-09-18 18:58:51.905582+03:30	VvkmZyYVEW@example.com
170	HhkigCDASrrshGuuPLWCglGPPKxNiJcuEHcXExFjSRQqTfVYCmtiWdLlPHsUbyBCAhcaEzoEymyKqfZcjrAOTONoBkmYvClgFVBYRGAUDipyzeYxvsKPXcxKrCONLHNL	\N	f	XqgQjSfCWifqZIuxzKGnDHSaISgkneebRJrWeLVgEPfyxzTNHHWseFqnqzxyDDbZvYiSovWAjudLqduNKhKDyVkukBZcUBqqkGlPjrCfknTorUZyUucAYvCroZYQsAMTVYpTSBJLgbsrffVwoNsnjE			f	t	2025-09-18 18:58:51.908682+03:30	oijtlkgCMr@example.com
171	mOarlgvSgGBXkyCLKZQJvaoKfXgYkifeVztvBjhbeZjmicAAKUWPGGmSLCbFzlvBRltTASYwwYHQjMoNbdEbMYptrLejqxIrhgVqDbuUdgrAsziEhOHOaPPSICKWyOrR	\N	f	tKQgKzzDGmUWmOzQqrBEXlnFhAyuqnNUomKnmBhPYlmAEFpauhMNQSniiSWyukAsODaTlqcEwcCaKLQWSMoWJmjMbLOnMBauBVAOtgVNbEpcyBLfRHqiVBJTrpzaTrSUlemLLHCPjJMXoqISeywldV			f	t	2025-09-18 18:58:51.911722+03:30	zeJeHmcJuY@example.com
172	flnKkBKKQjPzdVJrbmehzSTRLdiXGJhyRCyzUlXsuxvQGBCpxyTLPgTnySnfRQyjuisHNuhkIyKboJibaJCguEMtdyVecGgHUBADYRhNwdWnGEGpSKmWzqwCEOttxuLM	\N	f	EOgOqTyzzIHWIiYMwoUtNaHJapHeeZiKXwTJqzpcoovIrFBCzlGKGrJxjGvHVogCqCoEBuvtRhiOfxfmwJVAenEJCsbfLjHKAAhqFeoEbhICTshPfpVldOWLgVqPmSFLTyldFqiwtLLvGzLWsJKqeh			f	t	2025-09-18 18:58:51.915579+03:30	fkDPvITbkt@example.com
173	mBxzozPmYmGDCanMeVBLhpriKpgXNQTHfoTpDjOlLHuTqDMmrZYRZHdVCMPjayboibaJunpCOdYkTGMEjvYQfYISTfxMMUlFLFJClQcDPPRqwvDoyVJOjHpiiVgyMSDe	\N	f	okaqhtmaZoKMJFnxqwuZARYEkzpSkYCZvPZDFHLaSIBJzeWhSDFFekaZsRuPfjsuibASyGYiSDmEEoCHJLfaAjgekYzKflyRTLSYrVawTOnqKXGyRNNHxKomviEtuHVlLwFTAJNWkAeThHPYBzsIWM			f	t	2025-09-18 18:58:51.917982+03:30	eBOliAzpLQ@example.com
174	CGrCZXkbgriSXCiebQtSRoNxrnRaPpuXCSTkjqfKQRjNCnNSLCGMPFGyMVoLHQLyyBgXxqDdsQxLFKbIggsaYEFQohfIilbzJPjLGxLxXcNzHgyVmWLKasfuXSVzLMXh	\N	f	HUvQTwYjsMMwzGTiTTCHDWQGwTGjwpKbaTLRvqVBmcwlKTYWVTkyZsptdRHuqOakUnHpDzouDbOVxEAvnufcWpZsepZoYMXbLcZrEseWKgsrKLbDKZuwsbMTLukJAgqaCtKLQqGuOaOvjUiNGAJtKR			f	t	2025-09-18 18:58:51.920443+03:30	xSMTxOXpsg@example.com
175	ihIWEehoLIymxwdEAwbAMNjbQuuanIYAXdISKlovpqQJDBncoNAnwbDtnZXmgGFbUjIGELtfBoGTJqKvoKMpLUxqDbwEdrPePMtzIFxUsAeHkEunuqVGitqUhrfrBtrg	\N	f	FZFgSyQUEJeTxywgzPsITGSKrzBIPcwEimaYofLJOsLSJJKdSqjSGTkdwfSeBZfVOeuQFNbVNEhLyDfITWFpaERIYpLhWLGyFSLaKNoHMhHTqOdRHoHemNFWuyamiUoMclqSEOaNcpRLYgJXXWJVpC			f	t	2025-09-18 18:58:51.923499+03:30	NhAzsmISwy@example.com
176	utNKIIBJpVkzJXGaxpwVOlkFUdsJgrXsLrAETlipqFIlyAqcOnuJodtKijIlaVzSFNIcDRTBwxaybOdleajmtKILYyGDCLzWdDawSJPJCTgUSBzXBSucAJbjbRQanaoY	\N	f	ZLrcjnSwPyAUDdQOEEBNieDSHDBzTKysmEoYwcFQMnmbAAxuoEYpEPZVctWWvnhHdGjITQPMgBZksDEfFGjnKhFZlLMEKBgDQeexuzzdYrKBqFuzooQxMiTLbmdgTZHgcGVBjWaKWGBtgqbvzoddoe			f	t	2025-09-18 18:58:51.927204+03:30	umwitqpzEP@example.com
177	IQWCngcrjWwEUkggdmfPLLXZBpYYKUlxyKCqDiJGlXhmTFnQUQNXaYApCbYRoafoRxdCRtTNhEIFfRGHckOUaoSPMniotNGgoQYlwJlaBzmOgHRUsaZbgNGNXqGYCiIL	\N	f	qwkTPqRTcxzTAmGRwESsBBbhUreVvUYeaHFhcrudhudZaJDcyFtnmyllKLsxzPWKhGAgDyApmxnoHBWxAvKEQUYLaMIsHBAOnmCjmzEzXNvAFPeRbpSSGvKNUeQukmBgrMVmqLYJzYQLwIstqJwhSc			f	t	2025-09-18 18:58:51.93057+03:30	AJAVtgPfQf@example.com
178	ANdOWtRcHZrqVzdxbdQiHHbkNoPASJYIJbKRmfozVEvvakKLJPycCZSWNXRBlXrMIPhBwMnEOwSYkNtlaFrMtLqgCvGnvRlaPtOemnnJNQyuZzRmdYnOpVypFAGRXyAh	\N	f	VmYDUoSinjByGfuNwcqIdJFNDQvrwjzQujoyyrIxATqzqGavSQOGbCoeqAkYOtRRuzbRVkoWGESRETEztsJJUfCxPPHhnSjaYznmjgqYkabZipEHnTZZUbVgBHarffzzDdLBPoQceJSUKqxHNBOAeQ			f	t	2025-09-18 18:58:51.93332+03:30	pIFWliJNuK@example.com
179	ScLryVbEnogfhYYccZiWQdQmeYcrGdkzQrAxttRIIBgWtDSbiQNvzLmvkfudJSmgjwFQJrqFvYkqWlhQulXpfmyQeHSrIHwZNDHkGBkTXIAHVNzMarJTtEGkBDnBslUN	\N	f	raioPimyjmREWnFbmKhoKgdGGfiazEDiSxgHCxROLCriSdIcJZJlwxpmbQNdmkoagzxPefliKdIJidraOpzTTazgypodePCYSUFncvMBoeFACCfUvUeVQqjUvwTjBYrFMdwNadQnDyZAwlqfPDRZsm			f	t	2025-09-18 18:58:51.936358+03:30	XHnAUYwOAh@example.com
180	GxgjlcnwWawHpWqjcVLElAFimaHaCBblLJcRYdyfBZEdfdcIvNErqCkpNCrLSDtDxOQKUbZrgyvBPbIVsfKeJvloaqEQnrQxVrjOzYgkgSxiTVIWqyOOfzAlRUlMJKhI	\N	f	CiALupaNWowSWAanCCYOIqrEhroztTGNfIWVXgfNfsshYJyGnlPZyDNqgBKJzyGkztUMCzvdaizcUtFgvaqAnMVIDZPwZOYtlIoGlieDjirwRMQaPjXNEEFcvtlHOvxTWIeIbyQVvvcIemszigXQTJ			f	t	2025-09-18 18:58:51.938356+03:30	XZwZjbkfJq@example.com
181	JaQUtkULmdYDHrhfxCIQCPUwyvgnsFfMYLWQlmesMqtYGLsmZqeYCNpjuMjwDHkbNWcRuvUuylnfSCHoXvauXknrMrzmIpakLKWTIVvNMohFxsPGWkxdPuvZBaUTvyTB	\N	f	lULESgMSEtNnqumstTjMQhRQJcuBaIhOQaLJCGiQGddtqAlpyuTsjgAZqaTXdsAFRLnsaJbrNjUiUAalsDqFLgJeuirBvelbakFirBevPJLUGEMNASbnsCnqMXFMiTdRJdmkeVLZrrgyoIZooHZkSD			f	t	2025-09-18 18:58:51.941352+03:30	yLdgzJGYPD@example.com
182	WOHEoxMdNKoWCjKnVWGniUQRmnewXHKvkIyJBHBvTPDLcwiPgkqVLeFGNCdufJJaWyDzTfjifxpMazMrJfEumgMOmTyczaEkBaZBTthxLHyYoceWQuGkdcmWmiVcMHJg	\N	f	ygaEfypgAxcndBMSrPMJRbottBjrvWBHTpqGOTGNkZlVVeyLoMchUmApjbNMDgGeklDHglVWHANtIEUdOBjAApnFQkhVMsTsfZBXYDdBhpnJCOcntSuaqTSSArNGWWzawWRVMQiOJGJbzMkBdIDwiG			f	t	2025-09-18 18:58:51.948075+03:30	EyhowYmCus@example.com
183	ptgpvNiurySnNRIuNKmVIKSTTNwgyYnCWnJFbOdcsuCweTFTlHmdJfIIJmqHmIqAalFCHkVLeZfvkwsIyuQexAMzClfCfzrESfkTEOGYCtngafyrZApymbHLyJhjbZfV	\N	f	jHSDSRxaHXgxsIVDEYhZoAejkqGTTlIxhMkxWEcYfFJqnIwvZPcvXxWOjlGSzVGoEthncdaCOpKGEtcgziHkgdXlbogxXnJGyCwEvSkLwUSPBDblthDkkdJYwflRynyFTYaqRZCDiyEHQgVTAsdWDY			f	t	2025-09-18 18:58:51.951041+03:30	GqSBVXzmsC@example.com
184	xoZueEsZEQVhDYGYWoXWPFEmdeCvpuMeGxmumCbjmtazyFpUFXtGSXFjJPhfkbrIOqcvWgBvaiNiKeKcwkGALWpLfrJFfVWFDHqvzuNzWNEnwFfRWIgtYTjUQEBlgLkY	\N	f	UcroAuojPAqKXtEckjubgzLJhJaTBqEwqzNayEbRAgPhqJyyQfJnuoIZjoUMJbNjIYryTtyeAYDiTyzsvpWKsioqLeqDaFXZeqCVMkUFnUvIQpXRJQauqvGlppbbHIUPKggRIdMLjRuYGnqWVEAwzD			f	t	2025-09-18 18:58:51.954037+03:30	bjAleApObQ@example.com
185	oQHZxeeYZwFMLfhmzhHtVDxGpldnyDRTieNFRtMqXhpAxQikVIlInFuLzGmffrwzRVrkhAhWjKUYCoLItgwzyIurhXGFCJbicwtcsKlzyteHrOVBiGBsUddShAagtTjC	\N	f	rSmuwKBOVThtCNLGwNURyrtCDYwIfzDVYNzpjgREIIwCvLjrwurEaGWujoGblQAYAKCUbMXqbhDzAYpReWqUyyvIIINPFMbIYRghXfTmCyaZDWsTcwHuDZHjIVkSEglLrZjorRJMjKSyxJVhEwISVk			f	t	2025-09-18 18:58:51.957042+03:30	JqraXbCUEt@example.com
186	kPOGiTAlYgOvjFRBzFSVNdkZyUprUzunZIHVNjGxddIULttFxLLSNgfCoOrJnniMkZySScwEPsjttTwoCKRdLujbpDalFSSsYrQMhhqfDpqptnJNVKbMCGeBYFiCFgha	\N	f	KQAybHsCzWkMtliELlASHdjXrYHQvgHwNUZlLrUMKyXfjtwKzxoMAEbhvxqxyHTjbcsvJAFZviJeoxSpGOOfkSKGhnRLERGcBZDOOLNJeTDcNTjcJjXbQyKiFuBoTPZIEGMgspiXzGWMxnwtKfHfaq			f	t	2025-09-18 18:58:51.960042+03:30	KZszfPKTES@example.com
187	tdXHwxXkkugBwIkKyKAqJdchlWTinJflNMFCFtOQHzUjsGLbohlmEVLouQaOKamdyhqUOuDBOwqcOuaVyCeZlalhiXLiFrSEQLQNlhZqnwDTtJYrdJGvFiGJabukSjIE	\N	f	TAhILqKZdXfDMYVgunnsgckgIhJPRfdSZgmfhbgIGcbQPMFMwjMVkdQsVoZsYGaDUSMGsCOTSeYVCyDxWptlEnjITfTnGmnRsGROhFjZnuBLfMGXRjSKjmKOnZNSCETfhUDnkMViRviXjfYwpgvSBL			f	t	2025-09-18 18:58:51.963178+03:30	pxkbnWcGUQ@example.com
188	TCDdrhNXQOXiiWpqTCyGDKiHQwXqTJFlQcNYDxKjdvlzeBbfbuxnFMZXXJhbQMJXfokeAYqBFaRcxDouEqLiHgUVcZGqDyFmqmqCimQaxekirgTsLAsPlXgqzqgvrNSM	\N	f	kxHNeNbWbLAtJGsoEnwTnCWfcyTPZeHxfaRIDnflSBoXTKEAXhBOdQLXaokdIpmmlHwJUAGgOwGbbFjIdJjhrsdTwUtuUeeiPYcbUtWFhjVZXxfXnTgFKiOyRTyXwbgyrQjzdGYLTWgwIcaGLgtVil			f	t	2025-09-18 18:58:51.967176+03:30	rpSSnPuLtF@example.com
189	oPsCsqAyzXPAMpQWtlOMarJBRUtQXrSSHkoXeBQOkjIeYQGbwEbGMvppEawhuVANzsCsLSZTznwvurFSZzpoRkSHEyXzNsXdJmSGJzkTnVFicYrCQWAqSqMudVmFEqUq	\N	f	FvtcmgpxspvDfQqlSMnEqeOLPKlTkVgKLSeVAAXMQDXcGEJloWRbnjhoRHzUrgLbBtNNaGKPvFXDXNpAPjvdNODuYzVVGMFcjUWTFVjjpaAOgDBdYIGczgRmYmwfxxHajtSyZxWYbVEJuciMCJjURa			f	t	2025-09-18 18:58:51.969216+03:30	cVzOZkNLyf@example.com
190	BASyLOxhwukYgOqNStsKaWZdGCzbeyKZCgHcrWsurEahOUsxKTuJYwteyOmmkUoVbFHKgZeHUFLhclQYsvxrfKGkpkdrtAPnVfHIojqlHqchwJSusPBjfuGJCqOiEtQr	\N	f	tJddLJsksBznqaBjcCDbYsLzeupfYCbXrkDciYvtoJyrctQgeBKnbTXsrMVrPyXlPlnqcsuIcRJLGAOSvsOiDbjIjSidwgOXUgFwLlTiqLHZjcUvoLgRNSawPTJRJJEVNnOhDZSbGsjaJcePhvvUjs			f	t	2025-09-18 18:58:51.972214+03:30	HXvQsfJtmg@example.com
191	RzcvdVHmDJcZidUhYFJgPpXtYPFRPYmFFLrSrSWqytUAXRlnIPVunosTciOKCiJzcDEClHJMeCzZhkHTdLacgnFtcncNFFjScgWIPFUpCSfioVQHsYzMOhxdRaAzvfhw	\N	f	XzMCGVxqWoGSEIQuwyecRfaiCsLOyORwwqMlBpPImuTymHZjVbeirpPwrihqbsEDjHhQMwXqNyTKzbgbsVJtopvcoYJolKsULTNWKaOaPAePxMQlqrzauwZruNCmPSNSPNdOXNZhmobrLhJyknxQim			f	t	2025-09-18 18:58:51.975225+03:30	Utemvfriqj@example.com
192	mlqtXTXMdNzQzaNGyrAGsYytszafqcouQqFyUAOsUkzpnBlaQJuQTNgasSLXaRVCvltpdwWirkIGpDakiuAAnotYGIloUGSPFkxEyxZvNFmAEHnfJEnbDacUVvKUzIMU	\N	f	DikRJTKxmJexbZOtotGEYfBvBWtcfQhUYmdGBOjTFmfbXvemclGdTjaFPpHDfPSDlNpFFeEMqtyBJZznkkydOsUcEZnfZDxmpykEbASHQsvluneqdLYodANRiCDPpcjPXtzRArCGXEnhkIeqhiysGh			f	t	2025-09-18 18:58:51.975225+03:30	bRIUaBHelx@example.com
193	DCYUBRkgerYUUSeqGVOfkKrEpozFrAwaclyvnFuaOuPPZWQabmLCiFUpjULhceswtmPKtEbBHLrWVEQWxqOgRDXnmoeSzRTHaUQCvYiIdOlNNohPUIdchcLpBERRJzzr	\N	f	zBjTUwZmUxwBaGvOZAKFiFzUZuQMKbVytnaICpeaDADcRKNEcEeTwcEPeYGQuMffDfgvIvMONDbpisTNdEKydLcsDiDawACRWCJHcsAHbkaHzuxnPLRdWjNDKEWmaYeXoClhaUFWGpRuMqffZrssKe			f	t	2025-09-18 18:58:51.975225+03:30	vfEkDjYndj@example.com
194	GPhVzmDLZFcdSPXLaVlxxSiErPTTtlLbAZvpWEeVRoWNzzuLrqojGCYDFhaOPskdjWwkcVeDmzRzwpaqabYVDAkmcVYYbsEHUgFXumOLPmszdIjxoxfiBtFwmprSDqvF	\N	f	CHYbrbriKIZVkUSJcbzKnOhHlIJwBXkngVSymZofukXlyHjQaGCTouYbbMclviyOdefUndQqmcmwpHIeRxJpYzFOgABuMPFLFvyZGIRhzJDGHKzBqNMlrhbMXnUywWgdRQgyxiUONQxonLpbHkdbRz			f	t	2025-09-18 18:58:51.975225+03:30	hZzYZcoufB@example.com
195	rMoNYxCWCmiQFfMfqfScgqNnwqfIObCikWNEgdLFyslMEMeJVfixavQDaDUSHzZAsbhAXEfxkqmTmvFBAqoyWmBZHDjafgrKyMyXngssTWxpKNCpJhWiUxlCLcySpeSx	\N	f	kqxDcXboTDzGKGOdhvNVCTTdvTqsflPPtCrHZXquhmiQGRTWhqTrngEeGRpzDcKImwQKbZIruTGefoHabCyNbyxhghvCukxvvgEGLbVuuUaMxUDKPeVDuKIJjUmClfJbFcbDgQfxtCEYsVqSUkLSDX			f	t	2025-09-18 18:58:51.975225+03:30	vTGAyxoELr@example.com
196	QPtDkiOpQfmLjRpycMatpgGlWXzRVkaMUtRKhwFvuiUkZyCIvuyaDQSgBjfSYxjWjHKhbDUhzjSHyXIBpUCEFRLKPJSvTVRFksUViSTYtiBavVwzngrHuvJAmgwSvChL	\N	f	AnUFmaAvdZDUoWNkUEYAzhLrRKKhBHKigBFHfoePHlNYyfexSJODHRxegerpXMXhXNbpPwBjrxUEPjUnGLQhoToRcnzfdXiGfZhsOJCtVJJRJzWoIzJhfoDvcAAcnVxwpdBddWFTfPjaIbblcnpJZN			f	t	2025-09-18 18:58:51.99095+03:30	exUiPYCEyP@example.com
197	KYzTofdHzeWpGEndhNonWMoSmnCVtCOOTZuIrvbchmapjzpQAtImmdSIlmhmndLtwGdhrmwmAWMUvGcOSZYfvtGkHeWfwtncLZujPRteUqTknzbWQRHOKarMZAcsHUcK	\N	f	OjbvmIZWMacJnIYzxJwzvKpiVeGFFmitmBwISdbdETFhUErLsEdihgzpdHqBPISSiuIhTwxTijMziFQbMjBtUzLksxrfhvrBLBMvlqiwbplCCrYsHUEGeJHPgKfsPWBYpYgRgwAcClcAlIqMOUsnfM			f	t	2025-09-18 18:58:51.99095+03:30	aesWWZvSTN@example.com
200	NUrsPehfmlzbPjprYFqJFkryIwLLZSdEuTujDAYokxvFjgAKPGVWeQqLxTNpekuBHuNezoiCXYeyCPKmxMBSBCuIPIXxtfURrRmFXdmRBMzpHNaQaIJkGsXVsGVLcQLy	\N	f	QbvOmyZMsWglJmmsYLHgeVJVmWABwbCQxTSWVVeBfrXbBeNPvSDMDfaXZnrlPLmMxLFkCLdOhkAaLTEOQzJQtyBQClzCTWLYcTmAhHcSDhmUZUKXVNmCVQtJxLXURVBXmXYglZLPfvriogfOAPXXrx			f	t	2025-09-18 18:58:51.99095+03:30	xgudnkOUsp@example.com
206	pbkdf2_sha256$1000000$uES6O3ebXU4tZsfyluRdOY$+bhOcdnP35RCGET/rNQ7tt4P6yAq6ELPehMYmbn7EB4=	\N	f	ADMIN2	Admin	22	f	t	2025-09-23 13:26:31.179375+03:30	Ad@a.com
207	pbkdf2_sha256$1000000$lKx1NXtD7PrPaUibs6PeMo$qwEJHwyrDaeZ29lxAQ1MJzR5VHyab0x83jBL+Xoupy8=	\N	f	s	s	1	f	t	2025-09-23 14:50:16.633667+03:30	s@s.com
208	pbkdf2_sha256$1000000$yo0AtFCXPtWq0wTLOoqnOU$hLy5xD4rCGWnsgQoYzrQEDKTm33zsGJwPqFx1mAEFLs=	\N	f	s2	s	2	f	t	2025-09-25 18:37:37.554028+03:30	s2@s.com
199	pbkdf2_sha256$1000000$Pwf8FKZMEifIjkoxJgJj3s$GpBvSPn4BYwawwNaix99XdRo4Da+nHnYYZ8qmQhTNGc=	\N	f	Faran	F	22	f	t	2025-09-18 18:58:51+03:30	f@22.com
205	pbkdf2_sha256$1000000$Q6IG0ulB5W6gkonFSXc1HY$WotCxMXHDcCeZw2oROFPQVPTRpJQa0hNRsTloB8w5j0=	2025-10-07 18:02:12.350785+03:30	t	f			t	t	2025-09-23 13:18:52.407866+03:30	f@f.com
198	pbkdf2_sha256$1000000$vGfuSa4trGFyUeoD9Y4uiH$ZD6mGl6RrNW++cKt2YzoyUInyHBxqfED1g4d69mCEBc=	\N	f	Student1	Student	1	f	t	2025-09-18 18:58:51+03:30	1@student.com
201	pbkdf2_sha256$1000000$M4AgLsFNrLeDvSKEEeuw42$6kh0ZVbhAGW2FuoEzl/r3Qxbx+KNCoesssix9tuk1Wc=	2025-09-22 14:40:10.076558+03:30	t	a	a	aa	t	t	2025-09-18 19:07:19.020835+03:30	a@a.com
202	pbkdf2_sha256$1000000$kVPDV6vDUzBP5Q5WsMtK1e$JJdUofbVjYV9u/N+dicjUjrTeaP+LKyHWvuo5p2MJdw=	\N	f	b	b	1	f	t	2025-09-22 15:51:28.35361+03:30	b@b.com
203	pbkdf2_sha256$1000000$M3ZdshsCBjn4SKyXxmKTXj$PG97apa/eQbRdfdhvl7Gow54LW8Ne0pTh5arYE39qkA=	\N	f	c	c	1	f	t	2025-09-22 16:14:22.314083+03:30	c@c.com
204	pbkdf2_sha256$1000000$7kIXASB9rsHFYPvcnd9hb9$nZHuld5MrPpR/MUx3nZjgc+uUL3NPAxt+624E43pb+E=	\N	f	a1	a	1	f	t	2025-09-22 16:24:09.306685+03:30	a1@a.com
\.


--
-- Data for Name: core_user_groups; Type: TABLE DATA; Schema: public; Owner: faran
--

COPY public.core_user_groups (id, user_id, group_id) FROM stdin;
\.


--
-- Data for Name: core_user_user_permissions; Type: TABLE DATA; Schema: public; Owner: faran
--

COPY public.core_user_user_permissions (id, user_id, permission_id) FROM stdin;
\.


--
-- Data for Name: course_category; Type: TABLE DATA; Schema: public; Owner: faran
--

COPY public.course_category (id, title, slug, featured_course_id) FROM stdin;
37	FtSKjizaVVlIMHMgfoppKFnXiqPbfIyWYKUHMtdJLNFzCdpnGEVJClXnMopvskKevgUgaZcUBFYMTDHNgFaFYCyEdljjYxsXuOWAafytwWhcfAfAITmCygaMeHdadFNiYPCGEWyIIsMDFrMCVURTgWEFCWNNEXnpLiNkbmbPPlQbjBTWtNkKHjzsymCgCDbReNgophFOdPHMRyNJkraoWoEKeBWLXcyKqRQvtDEZaBFwXFACuIbsfTUZdENFFsi	nCaGYeGpF8guTYO0WFxZ3JHYrZyRU5tRA2qYNZXC25ZuZHxLDo	\N
34	A-Learning1	learning1	\N
69	B-Learning1	blearning1	\N
92	DQTHtIHklMfoBNioUYNXxSRMAUZsLoaNAbkxFtZcPXkUFflewUYAWwZySDhWwxNdBkCsRmyiJiIgBHfoytlesDehLHrBDeNHzaQAUFyImlUQodqxbboGveSyAmLOLzYiqrBwsjZfQhWBPaXqOUSWmTmGyEuKgGhsqmWZVCGoeMQhXrIDhhaoavvtcygzpwwnRTuPilxwYumgaDJLvaUQVCwYvkFkxKaOvoKbjGwCKIPZZqcNVhUEakdmOOWWwGr	izRpN5F1UgiBNnurxakxhc6wrJTkDMAbkK1TVkGr-bsjIiofHm	\N
93	A-Learning2	learning2	\N
\.


--
-- Data for Name: course_course; Type: TABLE DATA; Schema: public; Owner: faran
--

COPY public.course_course (id, title, description, thumbnail, created_at, updated_at, is_published, category_id, instructor_id) FROM stdin;
66	GQsxYHUrdlZxLQxpSXBIWzZrYKuDDaNfzSJcCjcyCmrfPLRfoJeCvywxZnydgGmQEwELUZzwMeNbeBkOiydKvdfPTRXhAXaNXtSmrcDnybBQOSGqfWxrViClGhUDBmfiJfRqQHXvmctLoRDONzlPXrOPzgdMFRGAuyrLaXKIuumMqEomofvDOwnddUmfSFTAMRmDLnGYcWBfuDBqyomKuckBXmlQbGoQBqzZBECEPPYvgLYkDaYWOFZXTqwSdlP	vbJLnSpwlBBndCxYSsNimsvHRMlEPyyAcMKJSNGitOfUJXWhJrFwighbNQLxrcCOAiDwAyPjlURFCuWqPSwQurkVNQzberxiKpViFCtOxmQPQlbjJeWhJozyVFVkqZbVxEsQsizVHtmBsnGjdvjudGxCidPICdYTQITsUAVtasJNYzgNYlRLMBjYUmeNMfJPQLjFFRUYZDaNegNEwazAontlgbXiFFFpBGnQehNqNGHBwbcIqNpJxCxxMVvJZhRxwSpesnMqzPBeQHPyCjcbiaNOgtVdXzyMclADQBnsDwhF		2025-09-18 18:58:51.647953+03:30	2025-09-18 18:58:51.647953+03:30	f	34	109
71	XjIjTWymGXKkmklMLziWYmjvmMsDgxWFLEnTelkOrzrqMfhszdImMsFKlzdwNZlFolirRPVUQXSyyCqxPfmacFQfRXyBRdGULXGiSWRsSWSGguWOSkrkqZdbujixngWtKBfQJleRsgySezcHgjyeoDXbWFRRTAhwbYjNbEYtaBrRHgUMTTvQLtwxwtOrNxNXaieTuWCznBniqzxoWwJJVVsQKhwcnliJCpiqTidOVIuLRylggrsMjFXPSuEsViP	MFJUBqVHZAiZOdDZNRakUTTKHttzxLJXiXZLhpwfMmzWFegZnqFfpLMGgPHDmNTiFQEBBEsXEaWXeKMwryRNsMllNGHBbbccZyBQKvSECTznTWmRuztZvVFQUhXMPlKqvWVUJPybtIftoTnasAPCUmgRLMldYZfgXHPzimRIygTjmjEmORzYWSnCuAPlplPujBHLudKrkgTGYCdRPZmaEJbrGzZtUSlOhXpmyBFUwUHmvwBcDRCgMiZkgiyvesDlgRHckJAaouSXudfucXJEHckEgGCgZmChkDQESvaIzQQu		2025-09-18 18:58:51.679833+03:30	2025-09-18 18:58:51.679833+03:30	f	69	117
69	LDyEUGlvDBFYlVUoQMIgwUUEEaudSFDuEBbbEqIlaLvUcOmuGMIKDxsyOtYinzdPnAvguyPhFvMJpsUjkGecsqajieOnJKOMpQJXsZwTFXwHevmuFmGnpPYoSoEDmCDYrIoeIkaPUpJogcEMZYmFYNZZmHuhDKHpUlTOIzckHleIIqlIuwimIRDIdGPODBymABOszGgdDYVZjLOGAiXWTTmrYmrPacrXBjezgFHZCbnFyTbQKyXgqMyKecYatMz	jwpOBhOLlMFjPxpFuVsXypsyQtOOGzsxjXUlpuanDmbpHSVBMEHjcTVUMTGCZzYIjngINscXXriJhFqVdYoRYgboEuyuPbkwmEHurqzGbRGKJErgPmkSFWhWehHSAxiUPNDBolfyKwHkgPVVrEoAvBcgjMzryMJnaKHgMlqTivHMcDdgyduHmtprlMQbDhDhuwrGqumfgIicJhGZJXxkLXwxNjEvuAtmUQeONBRTMvGmbDrKuSIaZgSlTcqkGzKoDmFCgkLFruObZEYTkLTgQVqUqxNZJvrjSpvLDhjpLKhf		2025-09-18 18:58:51.663985+03:30	2025-09-18 18:58:51.663985+03:30	f	69	114
72	VHzddsUoTxYOrtaFLUkfqRwrNlaxRFjdrsEOLZOWEEkKIyFMcmNiNDruCoZTEdXopmyREWRQwDQcWaNMHobrEhIyGBelJDmBApCxhvRECyCQxkrJezxFfjveWQbUfLzkyzmCRqtWBCXZwPhfnnnYrsdyOJGVxuQgZSZgrjEckyWCuTYAIPQMUHtECxWDFiENCMAYconxsjfwiRCCSchPFyrxQlgMUcaWFzmviebQycHKHvzNsmjQQnQgqrKLfNU	GQqrGBBhhJqFvBOyMNFPGClSMlLtUmxhgxUuLGIusRRLegBwyYmlDxvVimtAzwAUoJfGAlUzkCWkDkSdwWBGRSKRoGrGLkfMwvmVYFZwvQgwAlIkevZNnCUixunHIqOolQuBuLYEiHzukbYiabWxRXKbMajhQIeGZFiQVyibITIBaFGABUHHxiqUwfmxKVHweuwODxzLHbiHzLUEhvzaLxVWrdwSooAiDlEhSxoExcoeTTSwDqdIHDqtuBynbefdkOJMKsPlRrtRZvReelhhMfnKOGXTwhLHGLirUoUIHTVV		2025-09-18 18:58:51.679833+03:30	2025-09-18 18:58:51.679833+03:30	f	69	118
65	YfhZhaoLkRqLhGZAYTMEObWISNJeTKxCObwdTXTsGGtqqUADvHZbhoIipnKNDyPyLrUSEsimUFmgjqwbtyLYbXpOveHPpPNHBIpDwFEbtCAxyQFbkjrGlElhsrbArqUtifMZzxDTfNBeOsAdSyeErsAxBYPyTBufECVeJaFjnnkwNmUsOBxXyZyFzXMvFYcuSumTcuZkonFXwAyEOdpogIiXOOVJoEnBzjDYvASFPxOxiiwdmzBhuBkHDmoZVLb	DDaegVvxOVYDnGOAcBxwTtARcHKwxdxViSTPAAjkElHNPjdyAzwhosCPtSWzqNHkqyOvjlGvJQjhXRqwtxpHyJyqAcdDLYcpLjJKKmLArUMOfwBByiWyHMtgvXyXRYHuNHNqeUEhZmayJxjgtqmRrMFHABDhWPaMXevloiWgZarxZOcOWCAqURcXFazkoyrKkTqemVQWsJIbCGWttYDDytwybuspSaOwyoysXLAKbyAWqffLWTtZotEcmOLzpxfnELhBVclNdhhAQMBghDRmcWYgViTSFAyvavZENVcWWlON		2025-09-18 18:58:51.647953+03:30	2025-09-18 18:58:51.647953+03:30	f	34	108
68	MbClcLdItMaOnDZTHXjNGZrYimdROeFdVjOzBjmObyImNmWAntKKJmXcLeRTsiuIgrZkCPUqGURZnbBpbfZznSVevyeHWNdqodPrMPMYFVgKngxYZNhHjiEdZQlWlMynFuBJaIPYVBatOWzPYRJRMnmMxHcUMajGUTAVAhzlbuWBvJcOWXfUkpVtZxQBSdQNkMVQgBHKRcepUmQdDBQvUIuTOSTzVnMwRyZjpBuyfQPTqjTbebeGlkBubGqZiBq	KLAbWrMUoIiQLfyvGZXIZUcLhmICEoYdNISzRVbvmeykGFvRrLKCzYmBohFRRNfMtrrcUBfjRGgAfzcmMnGIDRYJMjJhqbKNBhAAjCxKsKsGlGOsknYYSrJkNNKphVJSCRfzAtmtgmvxclOVwlXsQmXGFptfrWEmNgzkzmLolEddVVJEuObbuAvtyOGPKQQFtyKjLztpVAKAUdTUJBFEgbUUrtnrDPyoqMaOZfyyIXpwaxwGFOfPNTYSnULNqMtBznmXJTwhqJZwyqRpMIVpOlcnxJyzSdBDPfWfNQRKfwGa		2025-09-18 18:58:51.663985+03:30	2025-09-18 18:58:51.663985+03:30	f	69	112
63	YMWPbSNVilwYmMYyJjqtujspzLGYxmPpSQekXCOpXTQDJegPGltruPJKFoArRMBPuEcdROubgrRXKXiexGYhfUKLsyewinQGEFGHMfBuRGwjHsMcSEmaYUrKHzrodNOotVbNvhrloFFHfPilrQPXtzmIYRVknikZWfkZjfLXJmZHRSmOuQloomLOUycOivXvngHVdoFwyMMKUaWibIPriQLcvexOVQTilznmfQpsCtttWzZRabSldUuwNkReFwZ	NEWCwSAQBhdbZGNdLPodPDREahANTBGfwqbciRgTJjfgVSblTeYvevGqIeFzlUfHXzmUEGxVWWaNQFUgJOLkxUqtEpPSwzfyAxLsAENzlznAGznznYVhkgoVBvhTDfVMfWRkdvvHQOmaHRMwNswVjSRWmbIPbhagBfSjjxCcQzWxkPbpVxClOpOmUgLejDAPQoscSilkzgNDRTpVVuONHKRQUGisSDSPfAOxBBFHucCKsbqWXGIrlaRccMBIpAfHykNKzMZOdNVHhZHzwiBDRtMNCEVhNGEdTJZeiXRfseCg		2025-09-18 18:58:51.641986+03:30	2025-09-18 18:58:51.641986+03:30	f	34	105
70	tPJRrvcQxIdqWQrrZNlsHmpcVoYGEJcjZvVhibfTeupMVwpaqvALbPiGetwsVYTuFKKNFKcdTYQBYftWSpmlfaXKtoWoKZdQGKfLFJzsDJzwADJVHTHkusMxaLWJcfeAXLpTJKtBHhegCmoZNchCwqnupEEcENlzqJlHsOmMdudhUIPIaNQHtLyGodLSuNBUVWnGHUMGoJMzTZlwAgONwCvkXVEtlzdYWemmutQrHFjHBGXzqDPcIwMYkWBNSrx	KkqGwCDcWxHJaolkvEddBnaslNHMyiCsPkFpQTogQrVeUcTRluovHXCMvgqCEhSbZOCpCvWMhZKuOuREwUWCfIvitHWCqHndbCStmUeLRRFtkXrOpWwyyFqObczTkIubqeWbrcXgoNpQkhJsReiHannydBaMZRDRPNQpRRvwIauJdUXXDyoiTYYUusbpCUahRCvVgwnURPlsCqepvrPNjKykYgPOqiCyyCLHWevJAejjDPfeizsvCKQdesxvOVUWQDGfdsiYMyERCQOpCjCykxJUgNNDLSuhmgIpbphtoKnM		2025-09-18 18:58:51.679833+03:30	2025-09-18 18:58:51.679833+03:30	f	69	115
62	WfvkzOleIpePqEYanNDVYNNTSjFGBfBCHjzBKpdxHZZlQgwOBWUMrBHjhYbLyviuzEBVrodLMAXWYBERRHpbFnfgialkQRKeNrLBCPXseNdCYNAJjuRqyAKHkNQjxbpDtPzOWdRZPYCXwYwDkntkNsYhyjPAyghobwpDvGRpBuTtckYsiTtbJTPScsuFmqRGcqYIwckDIBUyaCzbyofErJIstdtXJRQyiYbIYqcSCnpUSdFctduYgJmcRemFpsJ	kDjFUrtofzuATGDoEYCZirLTEGRwRgGemSDXZjXALHwfULZniOiuBMhVBExuGwETXoYzUFbmJoxnEpFhkHRHMFgaIuFeKTZjVroCtIcwnNFYymlpWjyTHNyXowAgcfYoSXMgWXHEvxXBPkWYDipkZbuCivwJguZxTvMeuCbdRVGmOUoIphSAvdTdexKPTPzPPtUcFjMZxssMpaLlpDEnSjmQMzvurmcfMxUhyeMFbkVXVuJTpPZTQIGjpBYuoqEsguKtOkYkmEkuoKyvbwPJvOdkpoKgbXjOsJGdYvxWLDFk		2025-09-18 18:58:51.61746+03:30	2025-09-18 18:58:51.61746+03:30	f	34	103
64	A1	tttt		2025-09-18 18:58:51.645978+03:30	2025-09-22 13:53:09.177144+03:30	f	34	199
13	AnvoOtyztuIirECVbjEFANjaFWvCVrtqHSnuivUTAfOUaOavlgxkmlzRARUVatOsxkvyxSduoOuSWBWGwuQIUuTpyKiZoqmfdVdfwUDRCYedEAukopgVdpVDKJdntTtQeOUFvHsvvLQoLDGGoFCNcJjhQmUAVpPPCQKoDjCGNzgVLMzgqkaBxMLzIMPmgtkzYaqaATsppHvrFcKXBMkSDoLMAyJVkGEWTdoGETyLgTbTCeTJpkjVpDRBygkVLJv	EdkYUATDSRELzaCzdwOTvGdFzHZTmBqPydTikZuHDlZBoERhOholuTKjgdmJmcTTdUenfAchQyYjtZsavtGBEjkGxwmpMKEDfYChWLWZWmMzOAvKgoobRLfFfStWYtSEDlpSuIlvVTgwxERNoYNXGrEzLdgTztkuHZmksVmgZzHoZwmyVoOGwpkEUkvOFPuTjSyxQFFMajyuQoOdFezOoVqwzLATFwNGxPtDqMUkYojLIrhHLbDStHbsUjzWmBvutTsLsnjWQzVfaxBuDvYjSMOkimwrwusQoDjgIuJeznFN		2025-09-18 18:58:51.336204+03:30	2020-09-18 19:58:51.336+04:30	f	93	13
19	CUbrXSXqPrZcnNaAPpOQOQvTKwFlCiaLvXBUxXTrkJsCUxdlJAFxFKjeVyMNSVKOvMInAsQVLXPhUnOUjQAwztDPXAXUiUKuscYTBzYzOUUYbhZjqTQRwALFGoMAwogimuRPHmajWEdUiTJgtdGEWwnFWZncooEeemhxsSYWLrZBtzTMsFxodGbhsuXumkXRczhUINdIyFIwdGQKfzeLdhhVdUibTsylKAPbHpSIwgxvzPSbSBuYEZUHGbzdXgu	VchXbJqvUiZAObkuVptxFqTBxvFYodCiwvktvOBMeGIyeHeSdUePJcgwRGkiAnZnSApnGoKIezPNZZywfISZDzqFStKsoFbGHTuDZkGImdGNeCEzYSJlwDlVzLApHVmbeaihSYvAFvYmjpCBYXrKWjWvrbVGzhwXXxjySvuYbwZJRZLFijqQxdZseMzYhmMPPMGPayfIiySqefOirBzqxAeKalohCsykkqgGFivfsvEuIVyHrCcQrxxNVcsaNJLZQmCwVoQgXzCnNODdCzrrKmKrydhsSetTsSALjLrBsdZT		2025-09-18 18:58:51.351861+03:30	2024-09-18 18:58:51.351+03:30	f	93	19
2	DieyAnWNwsMROuiKPcaHlzVIMuLbuoUlWzlBGfgFoHpoGliObRkypoeIbIItujQiNkyUybIDKutvqTvQeRJysgRPKnQgYvxurAZtuehSWrdInbBBvWmgYYUhPLySzCNVGzlgbhVnKBhZluooangOpFLydoaUNkrVUQhLNZpJCWOMIOWobrINoiwcmGnMDKLyOeFHhKTrfVBBbljJWNAieQUKvJNVLqgAcyorJIiFkkRTUvaXzIyXYZuiKkwBEYy	mLFFUjfCrcixvGkEDbywhuewJqSrYDsHzXziZvWJAkWbHOQySAHDjHvaoJyUBawVnVUKZxapKuMbkaVeqOCnUuCXqRvlDrNmGBVQBDZTtwfNxPNuAPSGPbpgypzweThScoLTeRwjfXWffdjUrOnkhwoLTcqlvfKnMOcITQHPwImxTLSEYNXLYFzcJiGnKzSiQQNVzHThjpzFthdggKyNILegFKVRDcdWoGAImIlSUwjyudMayfWqeaIcicuYwzASkdpRobhdWDpAQWHLKflBhiWaoQBfYcNEbCoMtCjCNwvx		2025-09-18 18:58:51.283468+03:30	1000-09-19 18:54:35.283+03:25:44	f	93	2
56	A3	JraJqqfjcWNkLjuvwuPOiopNEihaxQUzvNpPYZAXyQMqDOiqpdbMFQXLWHWYkzQEzFejjBFDgWnKVhfmeYkWEcczgHpmOdBCCXCDOjLlHFrSNtQoKxwybpzbmjHtlEETyGcbRqcdsrubbvrNaMWXRjMOWnqmakDJeHCJRdZMSjUfsteXYQUaxNPUSCtKsNnwXrNsPSNwEXnnQuTbbYpyzjEpzxfUCfRIOPRTNnajIvaanNVTXbSAntAYjtAjcCxlFHFzerUIwDcjNjmFFsdWqUyREsnFcsbKnujlFCCIfZuq	IMG_20220519_144240_213.jpg	2025-09-18 18:58:51.585866+03:30	2020-09-19 11:54:31.164+04:30	t	34	199
82	cTwXQUhgwszYvtgdjXYCljbvYHyonoGNsuIniYaicDXThvNRzYSVJoKQdcVXgORSuNqTqAfUmGmSVeyVBsCklIqNGjFFLpxmNoYIfJgnBwBBsQGulXZNKNYhNrwxsiCEhFIpDrQCNvUvpWVrYlEFZtJWGwCoGeKVeRJErRALlGXrpbmsshWaplRcWsTxrNhrAKvcdqCbStrtzowQLajvPPoeJXAeZGNjbLmJGPAIBfLyvnknmBRqviEDnLclZGc	jRLAYOewUWPALrUydCFQRbPZsTvWpubZSEnGvIFYHQHpNhspGQZMKqLObmCMqAOAvQgITcGRkBwypIcZxSyPVLwXaloACkxiLsZMLvXfXWbOLWxweYtwGYLRaWSbthLidIiGkkMATpiSoMwGevAPYkuEMWCraeNTBLuEqsHbIlqcTNYXRcZOFrONRZYWVmVcRDhtltfsPQRqHqtkKymRmaYSzamQmIwUqsHemMkikOJhHQIoqDpNoWXYvDmDCECJPqQZOBdREwKMiuiRTEKyDQQWevjtzJJWjyESZdRRIvjI		2025-09-18 18:58:51.74597+03:30	2023-09-18 18:58:51.745+03:30	f	69	133
38	ciWvsOQuvMZFlXJpbdvFcKOAAPOYpmvXykMARDQDPAxeYGvgprhvsLPFdxYXBkWIHAkHFYwyRRDbDbqnUpefHObjvsyoKlsrwxVFSCZDBIodJTzGzWnKgfYqhpTpBBRusLGwdqjOIhHRNhVPWXxAnGTwPhwIywHzmftsSijaggwAQWCDBLPKhJDoUOsDILqtDnbdNqFGQWNtAJYUrIlogrQWYMVMKkamQTWnqVXJucOhynBTNqDrQNafOrEmQrb	JUfOlTemNJRoLQdIFbqZikorVrzodhYDoOdgOgUhOxWUMrIFyLfXZaJrHajLbUqsOqalZKRYHldJTBEcsGImZQcEsrNCoCciTbZoXkLlPlTTkOeUuWRZwyBcniVIOTNDoESEVVPxxkSQWmXRayHyiPGAJZaShavzQrVSgHhPzblxBlYtrKNXVFrktBVaXQUjqAUWQghgfaQTdwWHBDKPcLgrqohzIngNUVNMIrgDwwpjcxtAjcGCGrYGvugKzwYopleSwQyjopYMHWewjoCpCQLMNXcsWyosdFJGEZAQWeCn		2025-09-18 18:58:51.445505+03:30	2023-09-18 18:58:51.445+03:30	f	34	38
9	bWjnBOHhBQCNzFvqdzrfBvmVgilCTNuRzQWNjGhvwdCKJKNJdtBfJoKEroDGisDDfPrdhTRVyeoqXgvsLcmYBTIBWfmnmeqkLzumPZFdPTjWLDgdVFWqdDTRBEWtoOuYBZfFSaFrHoRhccqBoWdIpiBVVJycudGcVQjgAomBFfpFpPkfrccGjRskTbsQGqGrDxecPuSPNNHEHhQYuUbBMRvquHmNVvmNYGllyTycZExUKJBLoRztLFZQaLhVuYc	PhNwwhSNumdYmesQYFfxWxUxTiavGujkXrbrZMEusndWwbuJVcRAlEbmFUCqFcmNcrKgVMkbqbZRVzrBzVgEMyNaxdKRcZnvrtHJbsqpYpvYjOGbVyvHbtlOMwoFGqRjJLfLexGkzCZjXDZYoeVLQPvPoXHeUIbCMSWUCEttzRMOUkazfcRJexopRrkvarzyniIkiJbwOQCNotmtowawTPJImOTKrWqjYwioXxPqZjzVATAUbWlAdrOGDsMGkDgHwMkRsDglWqXDcXiWjHMvgbjcMULxHUHKXTyddRhkfPCh		2025-09-18 18:58:51.320094+03:30	2022-09-18 19:58:51.32+04:30	f	93	9
87	CgqZlBiApiCyjlMyLmtfLPqLPvRArCVPZIhacgrjBYnkrWeAdmzJTUfqEQCxpQACoOMBKIDIWWFgvidhXajOixZQWJAViXlSVRtLSXdINaeouYwYOIjAmFEVoXnMIYiwMZcjuyQCuzivmwLuBiFroJmKTPOwLNaClPeNsYVPBrfhXpRrqeFfDtyQyeYKuWcjnztgDtTLcIyPuuzXOJUDGxiBQcsbFnvnkxeJhFPZHeQvXrJiKkdakiDWlmWPkBd	ZthzlrucJDzJdrwswXwVrPVdwtaelYqsIrDymAVCMsZDIYCxYLAutPbAAegosBLiAFMESaXLrzStBryWdzcjWVyxBlsFvsEEnjQAJobBpgSPBFKrxOzmGJrvJAFXeoAAkbDkvVFAMNUmlwSpJMrFViAUnhdttUTCmKapWdyANRQNDSseBuKmtBxjxXnwIeIhQUaMXuGthLVprXGcANuPLTIckvySngCkAeQYqbHaqKyyamWlSDWFfADAWTxoEuwXdAfFgOcymLyFZEEdvTAxjIYqMrNOzddimrLxKwQKodhy		2025-09-18 18:58:51.769528+03:30	2000-09-18 19:58:51.769+04:30	f	69	141
101	New Course 1	new1		2025-09-23 14:30:15.358262+03:30	2025-09-23 14:30:15.358262+03:30	f	34	209
31	YPcTZkUMILoUAmldZOPbxuGXhXnimyheiVZmieHGBiUzFcCyzQScdSSCnVvJbSEDVoAVcfymsAKnEuiljNjFAvGUKYyVfrUFSmJcPczpIZSRHWbkJidgPaIQlairkGlgsOnYJycmTmLAlBHhUkjfQWdfftruPkQHsUFysVGsWJyEeMMDMmPNjPhyOqMliNfuVXzNlUsZAtLnnbishOTTcUTWGuNcGQlLfXSEMYvtohdDRUYhWILtlWvKcpaNvfE	RdmfJzHRFtDZzGNypgVeikxUPgbboxBWPmnWqysKMyfdZRSuciYIOIePDpLTLjdCzxsZTeXAqVkjbuKuQGQGtaOgytdGnqyixTpqDxCqvMEtjKTvJKXhvDlGJAFYAkVYFvpbviYUqcsMTVEAxIBugldGsmQegCOcHsjMqMpdXIfFIjjEmrWIJoHUEQAkmtSAmIrMZHUEkqpTapIMmefaEIPHsYUgqcJogmnLGcBcVlFCQUdnWlHikpzLZqUDxvxYcrPALAWZNKDIaZXdIAAqaxiuMKJeqZTBUmFASCwUjfwm		2025-09-18 18:58:51.420796+03:30	2025-09-18 18:58:51.420796+03:30	f	34	31
102	New Course 2	new2		2025-09-23 14:31:12.675211+03:30	2025-09-23 14:32:06.274682+03:30	f	93	209
67	FZLXMLITVMAqrfPzbgcDhxefWZYlLpdsRCkJGqUrTlMraPlUDjJpMzkVESEkzZEbhapNxdcMWPlVDkheijzxZlvPZMcsqlMiHkJezVnCbExOvCUUHDFEVIhYnpWwOgouuyYZmHHtUGXdZJPXKJVSttNpupaJRHeSCddRGIooFMdAbwpLLibBApjOSSaJLnecjWOskEbLDbpkjeOYoQeNgLcztsMyAItnlSLUVjOsBkYdTdZtfYPeWRgofCNwYDq	lZjTqovCGsQoLHflurGnUOubDAEsKRZNIRZvSMufuWBGmXGdjpKdBVSDSiNOJVkKtSSNLLXWNLNoaDkIokywiZrSfZfkvbtHVkrjtMTfgNocnIyHjdxKDIDXsunKSmDpmhyZLicKHropehGlgXdNIzxpmxTbjPWrJKcKFwINPwfjXTAjxUnvaQLfgvuOmHtQYuWNABESrnzKmJcuuWMxcCAfiGJPiEXoHMCkXdtRXklMLWUpOzxQniBNaNrxAXPqGQAVFzxyKfJKqWlCRYuiNigSNNkfJmniBuehpvWUKujh		2025-09-18 18:58:51.663985+03:30	2025-09-18 18:58:51.663985+03:30	f	69	111
104	a3	a3		2025-09-23 14:36:33.731045+03:30	2025-09-23 14:36:33.731045+03:30	f	34	209
73	pfrlbXDXBKpekKzPMzJKbfyhmJAXGiQKNZJIJaiQwbZYtBmWoHCoOHpsrHfDHylZnQTXGrroKoQXXPqjkCgmzTCVGSmRcLcrqHukTISPkPCfAnkSYITvxUjemyFyGTJrOUTNUFXcDlFMnzddIDotGQMtUvXEdimyDJgHyQjpVlPsrfZPDsMBEUSLipNwKcTwhMUgkDBFXKJkMhxuyrFlGrDNCxgaWPJISqPgSBpKSQUtFFPbmFZihQtxeIKoEGv	eWSybrzoDHrhvsRAJdUiAajNiWCsXHjNsLQeZIcjcleZiQXgPvYiYqHdJrZmhkIQMLcEvdEGqQzbBtXvesqCGEkxebuvZCysarUBxtNYzLDXabhNaQWlEDwpVACqGUHCGUmIHVhdptSayIEeIopMVwCVEHcsJDSmMGKaDajwnLQUBGtkgaRyovGdYmzbnyJtDhAAqupwYSpCysKOjTQWndSbrFAfGLrDSneatzRJQAKekNywzaSJgDSXosHWXjcIdBfnxFDgQeLFeUrJzldlwgLkrZElyZZVKNWcPmNNvdNQ		2025-09-18 18:58:51.6966+03:30	2025-09-18 18:58:51.6966+03:30	f	93	120
105	a4	a4		2025-09-23 14:47:49.433332+03:30	2025-09-23 14:47:49.433332+03:30	f	34	209
7	ynxhzhAbjMksJMAMIuHriBRfmIXrptgMRVRCMAEdTPMthRqnegAQVeRAIkKluCXRKbTTwVPZoLboUXYbPymZgtdvdSmvAvUQAiVdUpPQXGTnbUdxpxSGMbwZIAhbJzRscTbvoIjtqlyurkpnHnHjEmojUeJTPWUGngzrRHfTktSOoxxlswnOQtiRzCCJQVqjGqViVNadleCMRMjBSynOVivnPKLwmBWFRqnOpuMTfcmCoBHIYWBwsFKcvGksBGR	qDPatJtFFwHMWrjImaDJxSxEoHSHTDSXRCZLVtQSGWOCynKSlCvygAKNuwoTTcwuCFWiiFVqYykzijJlunohhWXjFDaQrKpMTjeuskIJuEREyFzycYZDeIuheUhTlyOJJoovneRdGtZHBOmzEnaeofhkOVtOQFebOqGYtaqhzbfgiXkNZJIKNvlghbGnUjOgTnVCfoZsoNDDlqjWLraJuVCFNSYKAVTMuUWVAxvclSrYTHAfvJFfCnRAoHUOxehaYyQtbVpbmPrFbSdbzzeSUCSwtigwOficbhHVKAlMZBgu		2025-09-18 18:58:51.314058+03:30	2025-09-18 18:58:51.314058+03:30	f	93	7
3	xWzeECtLROSLJITZiWpqImgCkkVuKkqPdqUtZKmXUzgxAFHGrSmNuEsvxEHexPcEhDXlWbhrWiYycoJJutVKPDmhJEaEzxLhtHUTyhqIdNGMOVlrpwMGhMWoHTYREWCmRrweWInSlfOSFSvHFXwAbmfRulkhKUttIMvqtbwymzqUAPHqVOzAvQJkUUcMIAOcKPUCqyvpcITsJifcLlbxdlbSURezyTjrecwahDaDEUwcSsKtJfAAlwXaQZcUPdQ	iyoArqsiEwgwnGmQoVlvQzwjSuXaINYuBpAdPhpSnuzxcpRTNelfPTGPdKBzGqurAGJntQDmUbHDPVvaiRKGSiGVSizQHYDsTDsUmMEjsDjYPSOVTWKguJEfBuCMEeEPfaZXrWCvjuuhmzmToRczldfeKIDnrElfdUfDCWSFLMgXKggaAsJYPTbnMTlBweZFHrmIpZsoZxgwEnthtVpqlrqUntCqGJWclcPOkJVSvZCqPiGHsKRnvugzPzXtfoDiTwvKYgiuiDbFvmoXwfdANhowpEroYwGiTqXxYAQnSuCi		2025-09-18 18:58:51.283468+03:30	2025-09-18 18:58:51.283468+03:30	f	93	3
21	pZnFnDsWvOQQBEpuzOgqPcJOZZdMNzyXzWfBWTOopjUBsHtVpLBmVsFoGrijwEvFTEBCqdnhSWXyTtRJzYqfKlGjyiDPPlYnvaIVqAfwzNgSxKFEeOWONgxrXcOAVjumNeRUiwIMkIlOPgwLYfSaRNgLtcmmZOEmTclNOAumGankMYZChQgXMJQxLDrAgkEfBGAMEBbAQzvhifwultfJAdWdJOHAMvBlmxrcLJyAldRNXAmqbKIRQgczMJaNZdq	PtnJooeMukMoeChihcLViEsOhjQLgwmDdrpJkvvBbvHTsfamMmymnhTKOVFnCGcRhiXCPkiVwccDjzWzHVtQZpWFdAoMBnImVLbWEkRsaPYNEnTMojeIKuUdlaOwbdDYBAKJxtQjkHStYMBZMUAuHuzMGflqaPnXduGqSsVwDgNotiQoknQMCJTrHNpdkBEvRFAnwLfgvPMHTQkwezPsnzRgqgPbMHpxgnTnslbmJgQWQtPCfJzTtvZUAOCLslzDtuHKotpRCNqBehvApnniioQiHnZwBYQxkDaoAJKbGQyz		2025-09-18 18:58:51.367875+03:30	2025-09-18 18:58:51.367875+03:30	f	93	21
14	mkntlHSQajstRRPHSWtnvEHOMorVAoMLblTWPLktLBOQxTSlUkqoeaNnfmTvVZWxAvQDWIhvqFtMWQCXxLRIeAlltFuzXtTTHAzeRozoQFoZbtuIUnPeCIiOtrrUbsixpeYJoODkoueaUbxnsOAcokmsIxbKDGFHinClxMqgaRRtCbYLNeHSsEeUWIlpKNQRDQBXpVClhFizygonFnVCKJnkEqQASSszpWgYhiFfESBTPTzTlaAhnvbBFblvlXc	PGxOfxiTfjnfsRBsXlEZDUzVsjjuAPkLCgxMuqEzhwmaNarIYJnWPrxZFgtVklwOfVXLAFEOtLlpcaFEMUnItPSwHUvvNpWkbUuExwbdNMkhOydcawDLKmEpJEREsdudaerRslggDqduSGDtPHlkToMnGCRxPpEbIWxAbUkSHyurCEkHVaHemdulrKUNTUTbgREQFuNWLTJehLSZKNLQkHpRIqrqHOzXDvjbVsUuydZrPiqjcORKULrkqKrnaZxBWdgsShruVzWMMuldbxrXaTpySvHCYBvgqvUcRxUEQaIL		2025-09-18 18:58:51.336204+03:30	2025-09-18 18:58:51.336204+03:30	f	93	14
15	iAfBNGEJahiaUnnzyFkQTNrtahrgiEOpdfJnoTyNJmOQZczzrajPFoHuBhqhkgvJrxEsxsOCxgrtSLWRxleFnZkbLogIbOGfrJHhgByBSNdIpbfKWKSVqTHjDMFrwDExyXHTAXOZycSoaPpKdfuQNBpzbawODZafxVirMAhoncdrwJwwmQYQCjZzlcZTxCVoPnJKdoIFiavegGYoxVEWVtBHagFIvIeLtmLYnwNrCuwYqpBooLnkphTfYClwTzR	hwlzWTLPVlneYRGnVLUXhDuunnrNdEvTpzxbXEyBLpNJtrENrDanWhDmZBBXeutoJIyVheMvITxACHrLyqFpJtVkgqxpElGWxixGPaHxBSWlurkqgyKylfXThHNcXMjAPwQyVLFnjlxYzXRBfrhiPUCaIRPrcDyotGCSuzNdBhTLzPDHQUOjeeCCkebZIoUGpcJtkvLOvmKhdCJxlZndwvGJRPjEZiZtzBJLjkiukDJNJqFUnZWCUyuluNZszjOYaUancrkhxHArYZfSGiMUKMwRbFKJEJCICjtCDrxfybiN		2025-09-18 18:58:51.336204+03:30	2025-09-18 18:58:51.336204+03:30	f	93	15
22	YnCtylyoDMVmiHlJVFbAWAgisKtOdtiEeDHsnACVGWTPgGmonGJXSSRQjjNGKZmSegcdJyNEKybZtHaBwvaBaUSTEXIAJzZoiXsFxcpHHhUGdgnIbmqEptOXtuDcJtvjIphbAfpDxMNyobhpDDSKOUIQOQUfCrpOirtnComuuuugMcNKSNCXiVhNjovgznDAoauTCZMWGVlHfeiRrZzRrRdFkufGUTUYFnJYhEokGlaZMtHYWTOZcSnZHftgCUU	yHZXXXDpVwDvDEqURFtFMdIBBTkPWttxumUnAcaSuHpEBzCbTxtfxlHoKtjMqorVropLxsdTUHDbLhCDjUjcqvzxbqmudZUbtUPBUXeiQrnJJJRebGsRbPkddIWxuDAIxLefdDjPrEJoIQbRhlWFahNCvvjfapYKRuWkQIqQLhrcbWkueCUgOkSbnmibqHJWPjAgfmMiTkXVkbIdZfEtsvTsRpFWjfnfpGKDIPOOqZfKFrUiylncBmyGwOhmHZNAMpRIqKODoSQjmAixUGbpaZgAFVySSVbvRvYUSKgHAENr		2025-09-18 18:58:51.367875+03:30	2025-09-18 18:58:51.367875+03:30	f	93	22
6	lAvNHInEadYrIrHseKQtZLzkUxriuyXEsSMSGqKvpljnWnRJsrocGGVZLTpiBPWuFaXYbpWmRkHBwqdBlgpdFPxfEpxnlWsgYmbZhGbMByvKKYZMAJnmEEnmTQODyoxaPTODTWTDGWbDMWmaIBiTFHeYXoyWQyNQyYUZIKSihJqwMpgMbgPQNiHTeHmyuqcnZuyNmJzWoIlgTtwADhgSrMVmhWTbArwCIioSCbyFTeIHnxbxbBMtpVMheTfKQwp	tTHwtwSpHgWyBnHNQHEGUWOpVZffAFXvWWqgMKzbSKxsRyTZNPeZSPCZaKFItsjRfMKuhUDbCmYnABcYCZxvQJGNWxOmVOEQnKfeSkeKFqEOpFuvprMDdDtpHWBOJjfXeONSCllkrsZgZjPizyuoQiJSailGbgNNnWRsFAWRWeUCLXyykcKrBNVogRIDVSPCmzSaNpAOXpoKECGHBERuEUudyovUrtWRQYNoUxRsyHrvCsEDLmYLfRaVRStcVINdbEIUiefgTmRhncnISgzyemqtDPrnCSXFBhtMieDssBIY		2025-09-18 18:58:51.311057+03:30	2025-09-18 18:58:51.311057+03:30	f	93	6
24	SrFgLfwWHZoDUUNLCICaTBAlouRbrBBUFPJrMRqLcMHvAJhHtwJzkSZEXslGRAvgSmmcfdFYUEZInbAikTBkiyqeZkRkYJNXCErVxEnsjdgTTKDaWhHBELUbNkciFktFCZhpGEVodCMnNKIzwYnyLMVFhJLrnWHuJPWmEziGlmKEaluvOdqPgBseckWIcstfjVHsDfaRWpiyqFCOELbKGyxJFZFNeMAptjFmGSeVZVepzAwXDfsPDitFqwIRQGz	XhykWrqAiPjEYLdAicgRMNbaSflNRQJVaBjmfvXisIBkSzgEweMMLwPkMcrUgTqGygzgotCFDsAUBoaNhwPYHPeTNMjQtKUApgXgGaklAhwbHrFqaNXWchmzuBplaMurzCuPRzGYQBlNlIyyYQaJyOszAlAFgIqSYVjEwtqRepXBxHkahutGHFrxnExeHkUbklNBkRqXssnsWIpnAEVuqyvbWzQlVEjDeTUPEkoNQpHzukCQyfxDOUCjfGGNSNXnPZvpuGruXyDgBuzHlwlDnlFpgZpSFPVJJuAsUfNsTAbF		2025-09-18 18:58:51.383521+03:30	2025-09-18 18:58:51.383521+03:30	f	93	24
16	ZKZpLgHaerNoxIjjADWPvCIgUOvPBxFRxKSdCpOXaHleYAOzvOGuMbmBGQJRvZcENotxCROjruHOZPNPCpCnjtpAyZmfgYLwzTtjfUHUYOqXuyzZtTzSlVxZNMwwBVhvRqDzwaZJtIpmwHqSxGryRJKBjRTybRsmiYdOuNyuwRxZawtHkPHahrOEegHKzBFxPNbgobEnqvLNcSHdOnNrNQUidiUXeyxfEZTqdkoTTtslUYzFHTGrdCydGldiUFi	SOrcLfxATDlDBzHABBACOcMZKbzpbYqUYDwsFrppIILIkDIpmqwPiUHBJuNVuLrsVEeawzLnxARVUYsNCQhyCuqsmbWnEMIStLhGTXzuarojzSKVpKhJLKqZqrAZymEKveuSMWwtYcTarSynbzEPXdKjavyrXXbTCguXlMXGjXlJoPcXZAFoIaOisoNhcAfNHKOFSKCwlIVsCljmeXFMIedTZsgWZIlRDRaQghRYDwBksGewosDoXpyagBNTsKgsFszRMQjtBiHTIEXCOiVzfbwcXNlAGTPulRfchSxVmQmh		2025-09-18 18:58:51.336204+03:30	2025-09-18 18:58:51.336204+03:30	f	93	16
4	yAoaLPQoCNcnGyzUPqSOmoxZBysqAcVubVTMbzORWqBViPvlcQAXneNPlEfBVWYhfMEYRdSvVdlsmGWPbaNQrpuStkNPuYgicdDSLLrjcGAxkabkDKJhCHZkMytGqjQrHilvnZBHQtjCMmuRXxkeMaGPqbAXFolVYsuLCeunCawsFWUgTCLsoHcHnMFJVatPwPqRdLDcRiHsQkENZPsbvDdOkpMrgmKGMnVeZqIDzvJYEWcFcpPQoleivzHyVGD	JcvVnIaSmXgPeWmCoTUmNwqwkqYLomfFcLwcImdLcZueFUBelEmNoMwpOeDvpYPZbPvaOHegMgjViIhhMKdxYMiBAegCfwNMJdXoFfNfBohMPmWyYskqnbGkaHeAmpMtHAoebJRcTtuNoWOxfRQuCzdnzRQjFCpZeTDhkXtQVOvfbpmmXrhhfJBXkvNPQhMiWhMyrUHMtUtOAPbGsWogqFDpuyvdDIKzlmWGAPHhxTVxzyVYEbmKQkzibUJvBEJwuyALCoEPlVRFzgbVVctrTYXgRPiRNgFfqhjxUkafYADK		2025-09-18 18:58:51.301582+03:30	2025-09-18 18:58:51.301582+03:30	f	93	4
18	sxYpMpIezPIgofFxmWXMBcWIkVkorCJMnIsjUXIkHdoCdDIwSsauOlCAxQGGGWCRzJfNejhIseFKXFSWKFfOLCyOiNjuIrNJbGeObuNqEezoicpgprntDNjpzSMGYKwRKcBwvMxeTHtsDJNXhkiIwHymwTBHSVcRWlmlaRGeJKYZlaPDIUAGpzxfZWJDxitMWZpNzZwndVGgYkLIYCJfhsLJuXnlOKAdGVCzTeyIBBpngfFsAObGOnLfGWrjfXa	zmQleWLfTFQVeKFBFcpStcDErHnezsiyXXOYcEtsCdmXpxiUPpzFjfcSdiTBoPOWmnROFfUVQmOQzKDrFctiFdxljoghBabCWpsCHhQkYYaqoXpulUoXJZRIXlkFezLzTTzmGYkjpbMQkfoRxMTbKqlVLMBORREcziiLnZtsBsFEsgeVyNpYBNNDpncktAjsyawDSJnInKdnrzmBLRoEUcAYBfwZLttYzVEaRRehleEQrcYOILCINgkoBDFZRHUWmwOuJOHTejQTPVOgOdrcYcFErnxSLDJdfhoghqsSJjtP		2025-09-18 18:58:51.351861+03:30	2025-09-18 18:58:51.351861+03:30	f	93	18
5	PfDdWOqDRIxkJWXsjdBfAqrHsXLHEkEAtEuVxhjAPScScSwYayqFpovSQXrmCADtgHNGATYAeGxXsfLXwdOAHPdZEWSDewciSFDFwqKJYqJMxngQErHCbljMwEroudpsntBEtEhZQmMMhUYMQxDQIrVzBAVAqUQzXPrOiqzQAXbltYlnfIeFEOoDdlOTKlmzpqcSTRzPYFHFGjQlKOYiJyAREMQqAPGpdDGdxKSeTjYnQCwYLFRsyYBCHPjQpmi	UpZsqUNBjNCVjlNdqnbVYovgVxILxvIpnqyWJiizpZYYXIOuWEUrBNZwSxkKhjbQIHanoZwFjyxdTEqlWWzMiSdPZzKTvtIYPIIqyWOzhWigQJvtEzmESNxoqNssBkbsXWIVCalSCICvHPsRdGIUMmzSfhkVgqKGmngmFOysytpHwKpairlqiJCUBNeBIFxrdeaKxdzSdAXQWPAqbjpAeKeEMFsOlaoiTcdiXjvGfueKXMyaJVLqOcdXRENieeGaTQfRxHSmAGaqwXwbEPUDInwSoDfAjGyqEGxKsmHDSRAQ		2025-09-18 18:58:51.306725+03:30	2025-09-18 18:58:51.306725+03:30	f	93	5
17	gMgWpCKjMSCfQBcZlnxIAxDtbcLxGoDnSwCjJANsYsrNTWrFZnObGDPSSVOfiWtYmZmudpxRggHnMnKHRvGaHFcdbJmTZAuzrabbbFZikileQvkXizalyOLIvUpxaIMIRbwjwxbSoxugQojcfiLNmabseppbYuguyDPTBoaXhShCdFNxNrjcgOUoEPqvxcLAPWHnoABAFWybPpdxniqtIRHbcQqWLtWyzMJuqVGXlOHMpCLsYESlobiTapebrWo	qHvngxZWplYoxRlqbpBFtGZKDeEaRwsBAKjaAxwYsUeXaHoNXAhBvAYoIhfLIwxAbfCEtMlRlLkruaIddWVfvgsMSkGMbTiIdGvUBRaSTeIKTnWHTZcJlehItgXavwrbrPvygjrAnIjfWvtYpIuqwsixSaWAJraGfiQkOnHvpOpCtvXwZzYDAmtAlzuWpJmMjIFfQrQpxNjTQyXgHPREuzGOIiImTGGKhbsKFXGnNVCdNeHLQnynglCLBBFIYecKfRvWhhqMtUauWeYcMDIbLRKdeMunGvDaSvoXTteQyYQZ		2025-09-18 18:58:51.351861+03:30	2025-09-18 18:58:51.351861+03:30	f	93	17
25	lFpImknUZDnlgaGyuVIaLyqqxCJtYOOnRaUobowuCPstuSAdhdgMeVFfLuIYsxLoUvSFCxtDObqNUgXvgQcDIQVzZDLwjkyFdSJjXEWPxUUWyMrAMktZeneWqEqMljeZVyYoLKOqdbRfGYtOYUOAiBbXuakGySZWiqQJiUqfbRGlOdlpVwrGEAsyRQsXSvPveLorMshuMbBYDdihpgZTExrBGqQqYvNOGXLzyNioVFGOWdSSZaRkfqxRcClneWT	yTPTtUZBKZzFSLQcoRkxAMTCFcEbqsfUcygSMCwMAZNdnsiyuIAvDtWnViZarXdRkCaseeyVapLBPzxAXNOSzNASMREpKWpMvwiwgVjUyHvczCHgHXukqcUweXmJnFUviGBZSrEGZKbhNKvLYDwpENdQhsPtZBrskdEaHVJEbjQVdoJDhGvJKLrozonjLPDJeHRQmBKJnNCHdXppVSwKqSeaJEYzixlIJDWNqRNCVxjLCujJnEuvzGClvKvKbULHllUESvSrNgoxQgkDDBNNVvGvczWiZYohjgbhPFsbyNfe		2025-09-18 18:58:51.383521+03:30	2025-09-18 18:58:51.383521+03:30	f	93	25
23	ZARDIsLGegrqJEitZqyPNHGouyzHmeGzjLVuQzsclNJLKgqlSwdmmpnrRvKdWCkOoIBGfKXvgHQdSkDmFOleeOegONkMKalcZzYtXlPToeediTyAnfBNuQHlYSnarylaGXKJpppulsdHLqoICnuFvNnBHCfroWNrftbeMksWIjjcIBkyKZxFAzKdgHXsnljOMszqFxiPNZlHWgaUFLScgYhwbstJHxAzTvSIHzUpuIlXKUnMTTzXOtSNHBuTOUE	oGNoGLzsIDAxkTKcTwfFaiWCChmKyBTTFyZEsWWhJTeRLndzHfeSAGPwPYSDskKtSMUeWxdqFrmqDJCRzfKwsHIfZbfVCxvzupSdKuLSRAVgYsRybHqupUdbzqDqeAmUQpDofgvBUGdBfylcvcHMKmNBmxAiiNllRtLfavVyvoxHHmLPCcvuzVZCbJJAOSXbpbSJkfRjyKfnZdRjOXZwzwLBCiimsOlFVAYQOavQlIuAOGPIAohraJquwNynrNTiebcMOfpqMGhfHktTBiWtKiwaNLAJrUKKgBRnWloTrHMA		2025-09-18 18:58:51.367875+03:30	2025-09-18 18:58:51.367875+03:30	f	93	23
20	giDHDZTWPpqvZStFLPNsqVTYvwQRCIEOmgodrKIbPhpeUtGAeQBmlBLfyneyeNoUNfLdVIEJhDJNZtqhooCesHMBkqchTDJYvVcCGPyIfhlUURbzxsCKBsWOPQdLhUlJyDOyRFwWZYpRCAkgMkFRdooGZghPXCFBwapPXrIyoAdZmJWnwkgFVJnKqiCoQMbSBLDrrlysrsgsoVlQQJbWcnUUJINUqcddJMmFQHjFDHxuqrHkLZSJWIBlwbKYuwz	ReMbEmNAhHLgtZZlrobStYdadJaLjZYQkGgifxtQHCAdAWdcxtxpuJhCFkEAOpaGEkqaDYQNQUQYUMHDuopjkfFtdxoiRfgIpzLndgogGvJueaBwyQpRClcunBgeDxALUwOLxmaBrUGgqClhDSGxSCfPThCfjJIkNsChSrDkyXrdTPZmFgfniRzXqiNHvuhRwdGMqCMqEvVkLTHuJwcxPzTuJLMMNbVtfzoRhNRdRlQYnQiEKrgnJDwQCLdTaHiBzobpZKqIOBmdcZfINayUgiuGFyMbWCrMIddRjYObWGjP		2025-09-18 18:58:51.351861+03:30	2025-09-18 18:58:51.351861+03:30	f	93	20
1	HiChOXwmxKaLsLacRjHiwcPkWmYXkabTNYDiTbAnaEssTFBjcHfdgmZybEcQnGbooOrgxQqctlImzhmCwcflesnDMDlMFYQBZrlBmrjGJxOxxwYjrHfUpDreRBxhMUtswGnoscPiGtwxsfkoPoHVYDGDzBULsuvJxUSHyekajikfmdLTIuPlwzHbKNwirTekrObIVjwhuSSVcmhpJGxrYhKCIoGyXZcMNWofBdrhamnNCdpFhAiENCHbrOETqOJ	JvRtemSRWelPUZEMpwfHcLWcvEGxyuKqLYniQozPFdodZwMWCoHldIftHfRgwfrGHDWebRLOWHOnTGnQwuRLvqVUuJuwmeknOrcqxlaQhgXedkRxCMMdwOYcqEUiAprwOqmEFmpNjYMypzDLRAsgQOQWZpyTOuXJwHFVBHGmCYYvQMHoEbOrTiBHthimJMaGIFvdYBRBfYXTtAswQNGhgfndaNnYCCTtETXztFQjRvVUOxSHhilZXQmkRMvWatJLFfhGvPMjfpQrxiNFKFvSFznRnKTOCJxWbgOHaBbpPABU		2025-09-18 18:58:51.283468+03:30	2025-09-18 18:58:51.283468+03:30	f	93	1
12	UXnuyFEeBpCHRzIUIiWNreFZjMjOiGnhPcrWTrsLmZWIsCzszFporYhersDnISMuQEkLBDVrTkqLpMxPuEjSQyBsSbZrSdSGLWjoTosqPQXCrFeCkNCUCtufwBEoMBTDODJWqHSAEVEzfnwRFkuTSMNnUCrgHugorewQcOfXxJpKDBQfOOjVkKwvlzShMnBbnLYZmuzzwcOXYbOBkpdbFGqWzRBWWvRQuXnsPrdIRVMQvTBbbnBUZPBqRMijSda	MECGCBUQqgHRYqfoQtWUXjgzFxMgWWbSyBzEhfPrxdLbZjnhxrEkvKbMAAePyKjYTuUvkdIspdNfRqHFFsUJXMPwXYhUIerCzlVoisEJsxLbmyPxTLxNIIzjRghPNuOCJklFinSYNJqSblhprxTSrvtFkHNCHKNHDIpnVKKSPLYlTtROYHpWGbYtTvMTtKlnpwxMVNkntFwcDOpWgJcAtwoJPxaRFKzGXSKWJEWpzOaTLBNVFzZyHqgNCKYDPFuYPHZtoScMquWNxevzBCeYoDkWGkjiJnbVEtEplHEnrDcS		2025-09-18 18:58:51.320094+03:30	2025-09-18 18:58:51.320094+03:30	f	93	12
8	rqYtZijvbVJmwNcTgZRUGkRgtotdaWzlrDYaqYthavmbvjFlzbxMwjBaOxlyEOcGUFREmdZZLCHieNQYoBlTeuvjPToQvobUjRDsCEXXyBwaVYINKtjSwzsKBuXkrzAnTjFPCEEWWMEqOEhXpmTByHuhDkGTnkQBuwFFeSXZhZQAeSfiQLVftSFPaORwHkmGtXgsUvSyTCsForfQQUjkbopRobjnDYsTdgjCLlMrzrIzsGcyUhCxakyuxTxxfaF	mVuAkIZRUmHPzndKkLyebfDrtbcVNCLYdkbndaMaYWeGpOvUrbgxxvdumXNbnXarYdQnyvyykyDFsfugERoDYYKLWhlqPpAGrJlFLUPikrasnvkaPGhEyJlqoyltgHgLNMEZmrHfNhjBwNDEGbclrwwqcFotVUgyvkMplSKYeKZMqHJIAMNmOrrvjBhFCWdYzNZaaiWkzSRsUcvtYGaVQiqdMdhBuLcDjREkMwRxGZpVhEClIVuKFXlzsHWhBCfUFBTJYkAGSnwpoeLUeOiFbITSNIsIaNUAjOpHjQRomZEh		2025-09-18 18:58:51.318094+03:30	2025-09-18 18:58:51.318094+03:30	f	93	8
10	tzOMSqCcJVHQJvmkhYjsrKuzqQifcfZwhsKSwsYFbhfwjvOXGLpsUMjVZTYOIckCtQtcNdyrMdazMFBGWZvYuuBGTWPUAcRchHSzhNnDHkaCOLxaGUkifsrmTnIcxyyYvAaRJgNUNufQqGYmtzzYziwLhqQgJTaLRwTrpcdNFdMlMppyuFewAcFQAHIzrQSoXmscbnRRDBAtZesOSWsXDkgEkAnMRzNmmakdqOSyxtqjohYMwrUbgiZHfqgMyaq	PFtIZMLjUyWJtPneuqNuixFZqcNxEsJJZkmtnIroaksyWMCHQUzkhQMgpPVlCpfHiBjZdeuxrmIClPdvxhAFhTDXPipuMKWqVheHzHgHZStuEVbOkEwEUhqaDFczbKWyJVzZDqvFmjgOqZhtOwILjyTcvteAISaYeccaurINFGhcgshIOYKJWXUXtBkidwPOacHHsakmASaDrEaHlSldMojRaxAHnuNGARxEBRgHumxCPNiHrzgHEuGTmQwhafptARTuSzalgZSDgwIzUxaznRjxDaTSJvzRrNxNrECAYNFg		2025-09-18 18:58:51.320094+03:30	2025-09-18 18:58:51.320094+03:30	f	93	10
11	QgcLEapZoeYQwZlZOWMKVcNmVjLbCKTxVQyDFDRrvIwsnWNJfDyEAUhnUkehCAirOeimJAWzDQJwHXXjBWQzLHyzUolTBRUeslVPMYVgGfpSfysHIkYnkzlMhKAaBJwQtFdZCtOHJePJAmOlBMVqULXPlNGCoftaWPIFNsPviMqrbRwxXvhkALOqFVhlIAEsmYpLndZDljfGMrgSIEOMaffCDXVXlKMUIKwmpUlFEjijLKuBMBHrOebXKAprQmL	qJTUPUMbujMGQFKODWCmdQWscfqeaXLsfAXJAgnMxhTVmdMAvBeYKAGwkLWIrzCVZLlWkqPplnntLvyZBQoWhJDHbYmVwzizKyxcwnBGKUobDMehhItTGaJnquHiymyNRADyxiPABwIdSrLdXzJSFDLzFfyEMjwichXFwWtixlcjWMjsNGhHODmYuwAOxkrWwNBradxctQziqMvdLSszkPQCnSSGuYkJvKoXQypxtEOXLFcNJgDKPwvcNfmiQjmBOpLaKvxCEdODqFYHXgKTzHDuJABBZLBqJIKupaQQWaCx		2025-09-18 18:58:51.320094+03:30	2025-09-18 18:58:51.320094+03:30	f	93	11
50	SNsOkVFFHYfURsJrwdafQWLPaOiZhrEjbvlsYENSXGYMoZZWGhHuTZzAyrmhqzMLwMAuWTPVacMqmhlMJXQQSUROBBoKwNrOxKNjFoTtzwVgmXefxgUpdOXYmKgBzGsussZaWsuYxyRzWXgMPbaoLKuJKVSkYMBOlinsNWgngdLjZZPFRUJMHmvzrGEtRPuZQXNagrSDeyfhvnvTHIknihqCGjjPaIAKYRITenCFpHdhwViIRqfbQhzBJxyarIs	hsBuDAwCsxbAKuQzOVdXfBsKzpIVjFWawdIkKtWqTxhNTFHyDdcxFlpCPcbNtDgFaRcNQxsOWHlUYScbCqaRDcKXDwuookNobvtHAbjvOifQrtZbQhfUwCNEPLWgrEJACvRINtrRRDAdFmngazluKRDhgnsmFnVzsUfrvGMCGYQHtbrHRWOBtzBHvHIbzkIJROCskPkYoCCvPlbBFSwMvpvupoyloXiafkEaKjDwlQucXkkBcauvAHloIacCkWIXFLDAhEBiIYXEMUckjyFaurqXezMLWOCOktmQmLGHFeJw		2025-09-18 18:58:51.554346+03:30	2025-09-18 18:58:51.554346+03:30	f	34	80
54	wnulmPsXsSosUIPwscLPOMdShGHSoKQdxtNJQXyWYHKNSYjZMJyHFqcnujWlLWljiUQNGZiBAGdRFZtuaXBrHAoZOcwuDTlxuVBwacvNuVDJqXDUlaAbCvuRiLUqOIwvXMUesLDdaSqvXrxzdktNrmOJRQvQKAwEBiRUtVWUfBGQdGtCHNxiOoKenTNySbDjzCrvbdWzZMhwGpsdVjbpQAMGkaNpKYwwdRBuAkiKqxNxeWUVXfAcfSQfdnHsRcg	sVFEDYXjYLvwAHRUycjYyhqSOsuLdryuQJsQkImHGQvwuvWxJuaNZVshLMuZUkiguAiFNENSjHcmILzIDRDQbjkJpDZRuOivcKLCbaKthHIXErXdTXEMceXsjkjLTKtkPcvapdgKCojbpGyOJSwrXZnCKQAnEUUFFTxYTnIwyROSVIyZXXZHvNxYjBwCeCaKCdPSSnHdugNkmZKdJWZuLTJmSXPafViNFjJnsKpcsNrpeycRAprtYALDoOOCurqKkbZGldDLScnzBOtsBFonWHFgqHHvpaqvwiVTKNtMYFOQ		2025-09-18 18:58:51.585866+03:30	2025-09-18 18:58:51.585866+03:30	f	34	88
52	muRmIVrxcGwIcReLIzyWYbgxruRvDkINFNEiNSlFeCLycfRnZqBclZICJPKraJHwARWZgtOouYDucuPacopWZjYJvmVEmCpusvvOudFysIhwBEAoSksQTGYKGEvNepsLGaCZzBgMkJrRDyYBuctPivXLXZPAABRSAIiUNbCvoHrvJvghOTIacbzTPQunOnPeynKzyIahlvSjFvIMKeXJaeUWVdzTJAdyBBdBPEcyqcsmBcmFkazVrMhrfskzdVh	EsBvQQSPMnfUZFbhAHAQRPrJIHVFIZDArJxcyMyMgjFootZZKJYbaAaZmYKadLcJqTHZZwyakdcJiLGRDXOUEIRfEnDVNPhKXoXcomEgQMnbDFGGYvqHKnIPyJRwzZxQixphZuzWbxGGlzYTisZzlgPmlEplyOwJZYiWIapXMNIgGxDlSdQXLLPHqoQQBKbGyhKRZUZsTLRYEkoYYAFuwUxRjMzlOMRCHbmVYNuQUyprKBzlPvswSyJrhARMZHxcHvqGXeyTNblsVLKYWTKIsstQRPhhPLLNfMsjjIsjmmFy		2025-09-18 18:58:51.570069+03:30	2025-09-18 18:58:51.570069+03:30	f	34	84
34	zzSHRZBPDuhXamLvvVqdvWhhilkcUUkruTAUowUwTXeuIwfxZJJkMOaKqKFJqdiLSIKMEHnIVUNPWfnxLjJZJiAUgExRSQLrYQtvXIUyfcxFBvDWhqKqKlOvYzLjJHIoHPAHboNaasoOgMsclOpXUWaHKAHEUMxPhqWOiwygSisIEDbYmqWtUYAFEdAZdiDCdKfDhxxGgNDprxzNmLdBPCPbvBThVFcmsiqrwZadevlAvNkkjizllWBpgDMrLgf	PNaxYLAVPBzGiZPeJKqLxvapuhZuHoawASqtRKEAliHBYBNxhllHJHRzlfKdSpySvLplHLUEurIaLrwFqeQGbYnFwNZikvEEzqUKSqXVyGgZoLCWFmenRqiZspQPjyvopdpfosarUHaOxpenQscBXZgAORDCBVThXZIProIIJrgMpFekRpYphbloQlkHFILeSjHMyyWOPDZtkNTUfnyNohXmSyCyPCFLMuippAAkbYtBAVEtywzgBdeAPfPINXUFdnNXaewQwtyMbfeRzLhAdxjPdVuWNtmzoIORqHQmPkgx		2025-09-18 18:58:51.429472+03:30	2025-09-18 18:58:51.429472+03:30	f	34	34
41	hSCGwWOPAxkHtAYdWvQkNuFKNrtitoyRgrkcuJUyoOzffjzGvlOqWQJYhxsIryZQkVFLhwTtYBwFVcBFSQFOPTUBzWZZnWLHMqseumMXQnYNAIgtjyEfCBIHcVtzvuiEdgGaEenDtAefllSJsrXecGRmghquEwgLNTujEoBMFRqaLFpnJssxSvBaONCyaYCoXbEKDMOEKdYzNHpexPPHhlwDMHNMfkUgRKxhUSmtutTrbYfYPwvNjztASBVKdhU	xyvggmczhltbamvYMaNeEaaXsPLftYhglDMBfrTQnnnsEMfhxUVkxDjRHFGhXCIxPNVuZSKGSUvvSveGScedBrLFlyChdgFVCvTxxcieZNTrYemxLILjLDIzcfgoUZKYYzcdePbTgNFWSIzMXVIRhGgktUTppcSCEViWQSJBeTwmkIXEaoFumJPALVdrxqZzTqXcywFzuNDhiZmcqUZQpKIrUmgRvXrSXaMrelmxoOJAiLrJSLWxBnESXoQUfSfZVHHpTbVMxkPJnoQhsvQRakQIRtHPSHgwCzbKQCDqamcu		2025-09-18 18:58:51.492976+03:30	2025-09-18 18:58:51.492976+03:30	f	34	62
37	OZyMNshHDXLvNkbQCyGpPwLUbkeytpEAgFSnxQruiPhQmOnKGYJJaAUQzFwgxdgYVvdyCKMyiCmCXRvEVeKEngvmOfevAwCBuInzMQuxLyVyAXeLuCvMmMPelsMsGefBHqkDmFuldVKeYJNzFosjusQDWHJrAzMekoiJVCxbDmrzxhvVqKhcwtZJRQjbNrxpSMpJdpcaQrffTTQSXXuUHJUTJFMdwOPKWNioeJypidNTghhBtShLRkNwZQaXBtV	WJjedVJCUqxatFTReQjaNJivVnHpnlqPKlUldJiuTecNnZGMXFmfzsFIDHNyYtNpEOsbLPAVyFkrsrjQjqQXiHuPDXFBpRyadXEhTjBkasgkCYOWoWgnNTsDzPasiSVbjCHPbUaOhaAjbvuasuRpAerLFwmmXMiHZZNCFcdmqNmZglcVegBcUnPClfihuknJKGcaPniOEXdpualtYjhtewqbAxiDXjgIZthjjWRORFSLstDkphZubyXfUHLtmOQvHaBdBPfVvyOhnCaTfufJFoKmPaxfonlAVEFNnFexhTYZ		2025-09-18 18:58:51.445505+03:30	2025-09-18 18:58:51.445505+03:30	f	34	37
30	SfsMgPRIhomGDOltBJgSkCjOGJtVOKEItZwQcamAKboOwSVnkgWzJKLyqdrRGonIyFGvqRvwZKzDaFdMdfQWGTysowVGJWqxcoImZyndshzXmoHXwtCYiNUvGThHCPdVfrFBiWELDnOjETQVKTdZfWvaaFjrfaQHXzWyorQDuEIKukciheAgHlsknrzKVVnqlSmOyaTsCNLWWjXUvMGZxjuKMbdEymArpxIENBByvtGumurpxuyxNIJZUyoFkQu	EZfXytLjigLLxVsEpVpjAMIwLHBDjhNxavVsikHxtFOflOQcHsbuwnEJNDHVEMEqOxqiqKhvoPZTLgKTaLAvpQEZouCEeUUBEYVGqlHfNAOzFPVBwPxkQJoWnCfUkGTJhetJgkRmzmsptsGhhakTCFkpbrrKZFGxnoBlkyVZvZRJAXpnWAomMCMvecSHPSyfpZsiPTbRhPlsWUkewtmIoArcteKEOTWLPwbRkQNtbmVZYwPgdGqSjzQFXFiBVnvAVHCiVbVYMMftKAhwEKgtJrpesySIxNtjpbqXZFwfpkSx		2025-09-18 18:58:51.415797+03:30	2025-09-18 18:58:51.415797+03:30	f	34	30
33	GrRPFpuIghnWKbxldYbkpIfATnnHeCJJwOXXlVJMkdUpyXaWdleRXJraTKwpsimzrUaKNhLzkPdvXhUnAGckHdAiLcMJlxiemdvWfyMQxkhmLxUkLuJgCYFapHfdeLWFDXMYLamGdrOotbunWgWzGVjabheHNowqTOoNuTErTHnOctpTLLfscIOjQEEAfjhPLEjolpNvOuqahOcbaKzkEKaUlLONiyknfTfjouhVolrgtJNcXCTYojgPHGqPIOa	AHowRJYvqVdqEzCUaRAryAwdKWGxUtCclqbpNtsQCMPnZVmnvfNwUHHuiLUjlcxHfCEnQytvLXnDFFZfvEsVyDjVGGAZFOqJZdiSDobXejbiBQAvsSgPfycrcfOYodwkYPFulUPdUPaVSUVjToToubSbFnRBzOJQYydMzHpXAMBOzJajfNRvGSpBhYzfVGVNdCtFifeZbESdLCCrWBHEIYCgOTsgWWWwoZSrDNFPwIDcFjhajjAkpZbgbJXWIHjFMbyhTQwPEFZegtbIYwdgGPmnBtHzWlCQfAUVtmsbEXIX		2025-09-18 18:58:51.429472+03:30	2025-09-18 18:58:51.429472+03:30	f	34	33
26	nJZEBwtDVTvXHhOeJJivmtzhVwQAauiUuuObGRyyrvcwIbYjiQYXqDIAkyAuHbzgYTEBKupfaifmbaIecUZYCfneTkPxuDrfNaHZsjZaFbhgrnIPRRHMBYkYmLcXarHqmaRhruIduWVpTNYKVSDFsZVUGSskvnyGpIshxqZSKVhFSJceWamrUemHmQWlNVsQLIAMSOknoWbvAbPWQELXSMVbQAMtKsGiGjLeRczOZeJEPugqKNMDCCntXlGquZm	hkpicYedGeRcGMkJHHDYNXoFjRZymMaLPhpVuZSQpagWOZMtygTIhYnVZCVrRbKSyKUSQzPwyBfjCguwcfFzfPmfSdotKkHyerLFPUFQIBOTYCXXWDFNtDfLKBTQQFbVjGWmRaAwkAkoOLhopgDobsCrRxPkiDDmtzTzXwIOXSixpyajoTlBoMDGYVGUDBclmqtVpTxkMbIYcXRSSZnxGJsxdmDBCkhtBjBWPaiuOiHjqPUTLDvurrrLMxzjEYAospWPnfVIBdfNqPcizrXHqNtshSYWdcwhbHyGiSWZVrDK		2025-09-18 18:58:51.383521+03:30	2025-09-18 18:58:51.383521+03:30	f	34	26
27	uWpdAXmciGiDiwaSOXSuBsjygbKnbtVrxIejqVtKWOGjuOYVVJxryfjyrejBezACZiwdsaHConNrSbHMjRnnzbwlSiSMGhMFiekojdPMYCZDskOxCpifzukBjuORqFGorbHoEwQooYcxgOwuUALINZFsZUsBaeBpwtvHhyDyQHLUinXxXUSHxltauGbpmgFobayEigIBMREZgsdODEyiRXjJIMgNElHIoVmuthJKedBKCRKjMuTWQMcvofgRnZR	BqsudkTZAUbogUMlifRABGmbzAOLRbpVzXhFkGmLsEeFdSAxvltdcZzaQfpRRpPbnExSMuVHERecaptGOclauSSXFUhBAnLlLVAqaKJAPdItdhohSHUDINbcfXGRYpgvIMkBizBnClkfzaqCPtveMskoLuMtkVJbrvDsxhVhasytiQiXvISbVEnCxKHlccoxnStpTxQjerIwVrBDcaRGMmvbvvVWdaNNxEtnxSjOVRTYxczZeeqrRfVcfaufgbYgUvLJRXdbqdiuuVUEgJMeMPfMLIxBxlHYFoWhKFFXLeXC		2025-09-18 18:58:51.401793+03:30	2025-09-18 18:58:51.401793+03:30	f	34	27
42	zbKdqgnbtpTWrgATylwbryeWerrxwhxZrkmiwfBDYrWTVaojecSQVvytfBZZowRrfYsRTvqFhiipzFvQpwInaVCEpKlAbbvuPisfEfMMLUDOcfcRAuzLGzriZgIIOMnhwGCpxEgarASmvBaltaNAVjUADCmzBoPRfRfbmcNZriEksvsjpylEpKDLKzGnoyWPMjLMSOwxhKNbQtaxqgfuwpnKcAfLOUlLRaPTlxjGMxWXCemwcBEPZrxZHiCXBjf	LdbnJIsNBMyKFXRvnHEZjcNPCsOJOewTUUHBHEsQqvXPJchRqlnGTDfzREOZcnpyzZfZKRJObjRzoWiXVTBAbWtJTpIUgKyReJhQaPFTdpVXmQWFhBDRvazaoLDkCiGAULquWeteumtWhMaWRWiNYzpUiVOFtLduUkCHwMXbgNojlidiRFobxNTkPacGOIZdOEqpuRUYbdpzTPvpIZOTqRvQkDiwjeokzjfcffhMofZwgHztiTTOdwrjXcfJYEIGfYxciAWwExJOemiJOLXHMSIOLRltqnnOZKbOmnaLexTl		2025-09-18 18:58:51.508906+03:30	2025-09-18 18:58:51.508906+03:30	f	34	64
46	LOJMPeIxtyVaoguFSEmcaxHcXyZvGzYWmVhFMezPvoxJFTQbBfsWVqYumMwKFWFxLbyoqGSxVBEEkHlPxuUeYqdXWHfciaqPNrtXvKGrOcGbuBbDEijhrgqpzGmBaNCGhoFQmBnSYinNuVWexRtfegHWUBsdRrfHDfeVlVbMWmUFVckSOrenKfrRIGcIfOBZUgjCTWHsldzbJAdImZtjwmHpTtObAUNPCIyFPpVuxtHhXtNWXAPainNVbgOZuKa	bAhCuRFteEEdishgqSkWwTJLuuQHxZzsKswUFtKWwINWWvAqVkBXIdEzGSJcklHdpvUNcOZoosZULvdzyblnLYbBvyCDJDINuaFgnttRhGGbSxFlLJBxAIGyLomggUOcCggnldTmobVjiGxOOCOozwKPyPXxMiEbtJhOenQpAJuVfnxWcbHyAZqNlhPcZHcMstGJTPkjiLVCjlOXCJjAfbdxgxNfNSTXeSmIsdcirydyTywmpXLEUKMsZLHSLiYCpPvsAVdLgCoxiqEzGLVPhjlpNHqwPkPSGBMGfdyxiYqY		2025-09-18 18:58:51.538547+03:30	2025-09-18 18:58:51.538547+03:30	f	34	72
45	JjqRsLLaUiAgoXMjjTreipEwXJRiRLqsElUtqrMtdCrxIZQWpFeBbHmnTZEiBJRUcIVPGBVRGufMQUGDeitEgVQqmcfzxRDNLXUJXaAOLSuAnjLmTiyGmKEECZDcLzckItujZotkDuhBGsqJaOcRbyqSqOzNhQsZwysrjPkoiKchkaWdRLdIKCErSNhuMgiInFMTQBZvOByLtKUwqypxDwDdXBJBOYBEWJaQxKWKSliWRgdHYaWBcdmOjfMvryO	EYXBuWWRtXXHKRfzFenpdTfRxiHfQBVyfInnimlumIxZhUJfBelejXWYothTaJtcZkDjbvyXOxikFxEZrmuTCrwiexedrxtVmpiVOVqcsBsibcCoQZQXGjspgihWeZOVntCxYvuElevJtbKJtUaxtfArzlNobXBfSPCtNtNliPkGtZdjrzyyblRXayblQNjoDYHlknWwqLDJqCsUmuUZjTIXlfbltOefydsEeSFkKHhIdzMGQjCwCQvVyyqrxlfEDIIdwpBQOIIlHFxUVFVUrsxTOWAMnnNkwvdESZfbtXne		2025-09-18 18:58:51.534546+03:30	2025-09-18 18:58:51.534546+03:30	f	34	70
47	HBEJxUuVDYWNhWWdTJxYpvAOnflIvaGpzGxGXKAPZslLTELDdNaYRgbjYmxANErRaNCMekcmRRNtyBHWiVJrUSNZQBDHMmGFdCddWgsxPaEiPlRPHDCCfdjsksKSKPUYktbrhbQspPxfgBVSHCOYKlBmtWaauBcjaQdmsfFiMWPkREMLqIAniHUIosAYLNXWJbNGyKWCzmiukPdDORpWFCJGZHChFJUmhWsrORtCerPYXtWXJIygggFtsDQHxjE	hlkmhvDRjeYlGzBSDKflOCSoVahmPKphGZSTfYQVOGKsudiYmgGXXlYNGbXgVmDHCYppClZyeswHYiXWoRaRbpvAVirzxuKTiPvEJXstMaunjpZMnFaOUCFFhxGSmJlmfgZsumVCtkUHwPkHKAvbndwnesCiSbRwboyGoRKgAKpmLcEhTcaCtAivFtBIJHKtwdQJbYyxOGHYxVLkFNcLtJbEFwBzPgJdCjJteBzgNnHcPdZNVcmMmAxIzQpGnPgNOxwyNNNbovFjGjSWYmtETCWmGOnfWDBgbWMhuPRYTdAA		2025-09-18 18:58:51.538547+03:30	2025-09-18 18:58:51.538547+03:30	f	34	74
40	xNVjIpDZphSSSadzRBlyOGwopAnWUcLNAUCdifYlnXiXfVcPZmKejoVXIrKBJpemXOGOeYkbQSesXVhoUpGikvNpHsDzoOfKNhqwEDcTtsqwsYlxYpHMGBElPaTwdRBToxoVtgsCLOiJNGKhuaLxSZPYMWaJnUxhvBLMhshNVyFlCjbQdelbWYeFcWDzPPwQHubLtDJPVbfdmfmrnKLUipYGegMXuojeDlFzEduYDNFRgJzOZrcybHNjwUCYCTs	cfCjfHECwOWwFjJSeLWNElSpMqrUUYHVVzHpUgxZZGWXcxtKsJVyCNERGzYPtpULnSdLxLzOjJxmwGLgTPYkeTRsRHkdFZlEyjZiOjACPQarjkIVkPfSkEPKmkQBeCjnZaSVJBDTUCPvaPISQZoOvsNXmUqMoAGuAWnpPYVnckvVDHNIWCGWLgXPcMjBfWLEcYGshYnyzzvktzBVxZXghEnjMtCvjnINeaIvXBrhYKHyWhSfTMYdPYbVjAGmdQRxTIswfjToMpMhskVFKuTUnHxcgaejTdGaZbLjuWfEvkvd		2025-09-18 18:58:51.461361+03:30	2025-09-18 18:58:51.461361+03:30	f	34	40
60	JUFWkRaFsUsOOmcopgnOolKFqOZTknneHgYmMIdyjlRbwSsRXVXAUMBQwIlvaoHrYpqOkjFMgQHsnezTYittlGSpvyAIqnBCmxgGElyjwUOQPgOGsgxFBtkowuHMyTifHNJEaZoDjZmrDwecAlozuApPrvYUvhArjpewqACNLXFdyDhvislyHqPtfufjdOEonorrfWYVVrCTFjhCeiiKLQnhQOutjKqyFhEvAxNPNXJrDqHnmlDOeFQNiEwXyMO	LXVJqhZlAysDuGOfvGdbTVlxtBSdsouYUIimGmxjqpiMZswjtYmOSqoplwECaQxTbkEVKMxEvQMeAbOfAncweKQUGZOBAdBHAJKWszftpUILNYUmKqKyLOfyFyeigjPnQQxMSdSerXaegjvrQhJbYdGIoXqHaVcZeONTHfuGUziyHbHWhIUkXzVvSgHEAMDGJJDndZqHxWdodSABzjtzdlYaZgoppqsPBpAwfjKVRfBJyeaskKGkdqnkZRoObftgSdrzGuUyJxQdFIRJgZMhfAEsUDNcHBdIkWkZXiHNQeba		2025-09-18 18:58:51.61746+03:30	2025-09-18 18:58:51.61746+03:30	f	34	100
48	TnzsWLzVsCgquWdgcEjOuTWDrvHAYwZvGKcxUBMXooBQEYUsNJoaiKHBqVDmILoSGaglNGwpzXIbuHlsUXbCDorOVwQmzQiuttLwEpMiAcSMHHxqPvPrECZdEpCMXLzGUugtGrNSKytQNuSvENsQYhCdyESNsPavXWGpxHEdFwAshQSEBncouSgaVBpqEUJqANKFHCGHErLwOiGKszOpnrTWDBOYKJTurBtFFVBCfzkKplulMTtTjjUAQBNBidA	LHaCltDEPwHsYfRSghGtFMNHayMUqJQUqVAgVphAgOrduznPDRBcAydXzfssOWfWpWzqwxlWwtYhauwZsaKAeMrAsVzktJpnlVTPpsBpGefsaMnttrjXaJXtFkHGJEztjbOzKOrxryjnWMmLFZbkxNQFFiGWLumcrnnTduyqojWtHCevaVkoZBaXlXtdUUzhKrjOgUUUfbhbhmZLwPyWRlEBwEfzdwraFeeHJaLmuxtgkoberTZpdDhAhybYTgVujNMMRnRZLYGamrqywzHWFDYgSqCyCsRHxjWzobagJWtV		2025-09-18 18:58:51.538547+03:30	2025-09-18 18:58:51.538547+03:30	f	34	76
43	HumEQRIaJZtmHhDrUBdCflxfdnAhYIjJOmPhsfMeWhKmdWuvUsRyKQvIXTAnBMZUgAipzoWGHEYWKyGhEloMeWjyINcRbgyZaxoFGaSrIXYHRZeWlBFnEtvsoKcEGhLochmBTPyPSkJitpfnvSJNjuanusZNidcRJWRlOQYJrXFlNkhunrNIkIJLNflPSWIhVVEtSIYocWeaRdjvEcsrLLZtcsXitySUVMvEMmeolaVeNVLEDTxFcaMgLrvqoex	qzdIKpfLcTVKfnkMFvfuuVpZEqwsTzGvydqkSwuSVFSHtYZqBMJHicxhmnehdRPfeCrlUiEXsaLpZBWDXwrsqroyURAbunHMJVftUIPLsorvhvRTBOOOHbfjqXLMmJqGJqXfsDszCAGnBUEVtgrzybJrDlxFtUYmRayQfwSXbGzfLouwWVwihgWiUODjjvNUSFZBpTZDkKryNEvDVJIoYRFrlyKowfODHJxEfXIUqnYGleJngjnzOITlDIXKAgOmYpcrEYZEyzwHZcLgaPuUbRrdpkbuPhctwyPKHNaDFFPR		2025-09-18 18:58:51.508906+03:30	2025-09-18 18:58:51.508906+03:30	f	34	66
35	OWvOLoCeOaiunmPtNghzUhveHHcgIbQMWImYQtalrDuyhWEpPGMmOSRSlyLNxhmoCrLsWXsckotEckAetmTRRnJXYJYLQFzSCdBGiJmcEBPvyyNhxutpFdFtEYyGVoVrnnrfgWjOtfQBdkoTttekUyPDXzNnLjNNEQdbWaYPBZevJwayOFvKytxqWRyTsvZDYHMSDCPNjifxvENgVFvPoTuCfqMDIvnIwhthUaoESPMKWwVdHmvyVDxxSUEUPst	vcTKlbkmjHSiQntQjiZidbcYUTmozYHTjbzhXMRRiNyxKiXExYrkxYHRsrViivyTQuvTOGjZmOBnQrcVgAyFsFUPhaYlxJRlogAxyRZEhkrpteRcZugPgAsqPTnuUwKVKXoStywflnxTKXQzCLDDIywozNSAVBeoTHwzlfzgEVEdZtxntgSeSagEmUAunEVOghMIxNUbINWzmdsLvpUcaIaIXEtZDnmsxlnCRvTJbPiJYeBKkscbRRWprNMTSTZsbOAUvcQxBdAPTanTEdJwHFzKaMDHPLOVjjcqXCzzMBcR		2025-09-18 18:58:51.429472+03:30	2025-09-18 18:58:51.429472+03:30	f	34	35
29	nAXTcyLzDMyPGZovZJRQAisvINIDtOctnuEUrZOcBrDIVsJmfMTJCVZQKQdoQzatKTRzijJRvIKsbopZHPXTRXypJaFOzZOThRkKfhvgZKcFipvLhriFOabMGYikdjzfXHCrvUDBzAeUnUEFRQNiUfjrtpRbSzfpOguURckQvKtFPGTOnUwGVoFRKJWIfmAcjYQlDUMUduzbamiyNpAdoamdxVvwZsjuVJwGTEvZGEBSwvVBxIMLGKZLLhUPXsh	XjLbSbiAxtQEaEDGzdqAApyWVKOCLQNEYogNzZsyVADUCuRBakRULwyPCzuhqSOHMmqozYJZopBQfxnIKWuGxmWUCjipjFhFJsxFCeCUETeFoHgiQCDIHzWTbXKPmOhHHfCfBZMNpqjrXTscXOWrcdsQAmUPMSDhdyklvnvOZrlXxoARhlIjAojRbrbDnGMUxWurnyngTVgXJdzvlrvMFRCHXzdMQTiZMIvgFqLxnXAkVieLlJncDmOTovgcvTBKhrUbQyjUDJNQRgFRTBVIeXbCgmhuyqDuKQFBRgjvZQGB		2025-09-18 18:58:51.411633+03:30	2025-09-18 18:58:51.411633+03:30	f	34	29
39	VMrLFPTDpgdvxZGQLKKJZINsaeirAuCxoNPbQMzGcoHkdcxaPWYBQoANFdaqDegjVlcrxiImfnftqPGDYAkEQLNGMlNzBeoINihbFBndSRVVcgAoXZlDVOcOxrEJsXBpuqHANMjgWYRMdHZlZxnCqJJARKVxMTNnUckStqXVfsUxCYJAXQlsLSXDjyqWqpdtoisIxTWNrtqUCgoVjtSeyTqlxRVXDvaVPcdXTMAJfipKXBoxbtvycyoZliDchrV	kZWzZDralHATDQWXlxweiXQKJuJbnnYpnAowhUkcfjwTsELMIAkIKgWpvuQbKMImbxWYoaaTCZxLpBdRaGJefEdaJNvzurnqyXCqtHmDeyIeZcqwvyEEnNbCWiJZLKGpxnMhqSgvelAuRFjMUTvMmxgbaLMKSiWwvuDRKoQaJVYWvrFGxDsnAWVYtSkIEKMNzoEmDfnuNygLXQaVKhpJDKMHbmEaYiQZmYcdasQviecMUoDaAJdYtbengTDllKMXnoFxBFHFRnAgJBVuSLjPWnqdVpxxDPmkiJJjfkzAkgYQ		2025-09-18 18:58:51.445505+03:30	2025-09-18 18:58:51.445505+03:30	f	34	39
32	JsgjbHWnqoecVFSiuDyoXJGcmkQeBvVZHtrrKlTMgzILryMZeVDsdVbfrLxSRHNYGDjTmrEyYmijRPZDbSenyZjamsLUrMmoNEvOazWmXNfvFOqAVnwdjDVOMcLKcExsBsYjrBSRXqgEIIUlwyNVANpPcrvjdxXtnZCWtjYjqkVLYCbvAfesWhcDEUpklbpFlpLmlJJhyGiTdDrfilRwGYjigMpkrOcnOnQTlWnCsiUveqDyJhXOBWENbNzFiwv	BtoqDFDFEEIQjJTifkXYtLzffsJmQJswsprxavDnbksimwAdMZcHBywldhgBtafUJzobmSCNhcASGRoNJvvOvutMyYmdVSZrXpQPKtsulwWNMfcitlIoHiOXEiVugTVfutdpUpiTZJYKKbIDveMKHbFVodsRZWLtCgyBvmEANajZVeFcHagMPLgwRpgKrdLwqNypXqPaInfGQeJAWzetPnEwmVzpYDofVfiqqelTpSjtDfMzzhgYpOUadbqXjHUjUQlfihugYUfPqvgnBPCZjJqOwQVAAXjZYdCIwDgYhlyd		2025-09-18 18:58:51.425476+03:30	2025-09-18 18:58:51.425476+03:30	f	34	32
55	PbOiqPRUYzFkyAomNscYdIzVGDxxXRbdzgwUeozFmDYEhkrLClypkvtmJfTZpTOoxuFiQYqcIUGfnEftXKkiLUHBPGMMdUjoppvIavfHSkNCiiaLllnySemnRnfAwbFUpbYVyVPGIXvjDQjpBqMtBzJsnXynvGqmaeAvPqvdjicYDxbktlwjsqctHyHasReXeineVoydNBoISWYAuxbaoDlcoaecOkZsMPJgwVeuSkkwQyJJRAythRJXAxeJOGH	AYJObLdtlYwqqwpxoDgiqnBVOWvESdoKshuenaaroTVSMrBBLtswNTlQaqtmMyWhWfLLcavuQwobiBkCQpEntwGPFMPMNjQRUEuTnwTLxasOUlMWElZWFtRCbpMobjiMdsxpbTlEHmWhdDRgEVJduXEgbKdVwoFFWkehZZSRrUmxYCXfjUZdnbSadBoNpqhIfXpzUlTKilZIdKegRYjaaTcgxrxHnUCgpkfGxKWgNCESGKkbYDleVGndOhtAmMeQpsJUuVbdLJGkuKjhlmzyFKweZUaVbgABJhKTpFfuwYIL		2025-09-18 18:58:51.585866+03:30	2025-09-18 18:58:51.585866+03:30	f	34	90
51	GVPalMmQVqsuxNoPXFlFFyhIVeOqTUTSuRXuNByQuXkROiOVsQAKeclGIRXTyRQHdUjMseZmIQHiWKdHSHQsTCKNjlXcaiUBRJaWZZQrfDWnYjAFPTvPaHUUiseUCGksYptagOQXtSeXKkTGvWeixuvilxAaxqGjglRUxVfEdCteDbXFjixuOdiSNIAAVrlNORzIxJzNtbyymacOQcjpcZuMmQzoHVIwrVsVKUTPgKgyhbGZxkUzkRYaUZAODeE	yCloJnKHTXzHxvnEPPScKiXLbdqEkbfSxlmFxYFnauMgwGwhrmBviQvUzJDXRlWyWlFKkjCXxmCmTfYyItCevspOOakCvbORcvyuoCOFJqahmwkRjQTkpcaTKMXkISwmTUNJIVZkdwPBTjSyiahZFfHhnedNQqXdITPTyCcJHEHkfTBBkipXwiUDxCXeRNCFcoFcgsnelnrppBRmEMkATzfkoJEAJfrVpNtfVvpBQrKttKBlzztkuOmsTXWNidMBizTqSriStYqdsHYSuwExzlJcrxraWwoOAcFLuievwEdT		2025-09-18 18:58:51.570069+03:30	2025-09-18 18:58:51.570069+03:30	f	34	82
28	QCHvKgzQluITtEmwSbRABhwMchFlYpQuvmLekomgoZkIHWokdwJeaqdkJPGtiprJqnCpiNXuRhgfdymoSabVExqGxMboNGxsrzroxobziJNNsxDrzGaHysxTrmjcpqzGxfLWNBztCUEQLFsBervsvnFQEIRvicMrzAYyILAhllmkuaRSoKboLTvvYRabRFihexQOCBMatELDBfWKFvFlMAubiVFSugsEOHEcBvvPQBNXujeXcgHxUWNWCCBskvX	WWeurcxwjJDPKWdLKcqMEzYYnbOiZKSifIqhuZJMeWaDSYyFgdRNaHJVVftmfazwctBipUAMZYZzgevjCzernYWUZQVgJWIInKRJBqgxlGWmgXdkSNrFtCuIeufQemaUzvUgsiTqdkmzxJauPDetExPPkTcZbpYpJDvsEqqkvSIVuJcTGqrDWLWGmiLgUHNIDfDvTaZcMgcncYHthzKNYmeVGgHobwdnbYJdnYLswcxEumFUHlkLlHGUjIaFLzueZwOHJwRRhxOANZArNMlVFdPbKvRWiiVFlIWRNBRKwjKb		2025-09-18 18:58:51.40723+03:30	2025-09-18 18:58:51.40723+03:30	f	34	28
49	YAhEJQKdYGFbKIDrPogwIexypfNYIRjaejWBJurWrpquFJIdSGLyrtxKLNDZXNqoEBXvaJzaTiDjexTbryhisEqYOPdBmzZDAnXQMvddyVBAlenHZjCjQbzdXIYkPiwOBIJZHWDKugcxWYfARLlmuSeChZaDdOOMmxYMUMyYJBtOymTXjnCDXPDBOVDOpdAjCxxyRwMOVMQBYbXQVelTJMtjvEcsWNJHSRHKlorBIzcJLcRQgmXRqkcJrJBInTI	DKjuVloaNHqqOVxNQspUyaHfpCVoxqUCIPORbvPQrzmDsYQLUuyEFYnLHRErQhArsFvOQUxjniTcKHbWRBfEPevTyijgzYLtomIwefkJoAntyjeuxqoEDkhXpbfofkSUoMMBCprHqJOTtEpWxVHzdCBFfldLrCbQNpkKYaDghmwFhfvopTXGRNYBkzkdXCRKCUpKoLeqpnduipLIEvlCzzwJTtRJxBGgiSAGbGaNnREBqQOOSVTbnAoYWjquMvcZtbdfnlTOiiwcgKpqszTnOVsXYYqJrAimBVmasjZNDgxx		2025-09-18 18:58:51.554346+03:30	2025-09-18 18:58:51.554346+03:30	f	34	78
61	osaTHBXRlgZdbSeiZkwAMAyNNsXpnCyoBKgGXszJEYLinGDhAWQHLpjSJCOiSnNsycusldXsItHXDIsijGFzZzBiSNXdNZiFedLtxHTRArGKpMrOJmkDYTOrGfuKTbPHMJkLszvzZETRkmyGTjkgHuoPeybjlwOJUMFnFFSjCKCEVUGhqpkqofsFzBQeNKYtWOHJxYCWrLJBgYjRrvJcEYHosrSbVWBVfqrYVcTwPoFAgIoIeMqeXaoByHVfySf	dXTSEZeCFVfjCxqMMXACfnMdoDTHXJUghbFaJSRNqxNTBLaQOUKnKqRPaNqqttWlSpKJgvBcvKArRaMIAEhLuuRiuBBRvjiLiAgHZzyYqHOjGxqLSFHgRhPudretAmlZegmaSJDxYxeeVBOKWUfJprbyuJXguQCszmlcJWvXJRzuyezDIMOTQWzWEsjlEZgZbjJeqzqwEndRFfLEvyKOAJuxRbidbIzKwtZisflVbIxUpcETlgMHRZFGkIOizFUsfkTmlmZvCckoxEFPhmZuFIjyAXVspuPmTuqLGRFQnbDT		2025-09-18 18:58:51.61746+03:30	2025-09-18 18:58:51.61746+03:30	f	34	102
53	A2	AKtBuEqjPqZkpfHPernWWqHGGzyDYkEJSrRmXOYpJVyGYUgeWVMuEnwvBHNFWPjpvdaBJkokUCBsxDTFrtGJudWjpqbYtxfCNFdnRwHNMYYXAwgwxAVcCSMLrlgncFVwtxBsUCGKhFtokaXcHedUGqZQIiQASyMzXJPbabjLlkgMmCmyCmvRsOpYikEGYZxCdRGQyxiQWsovrpNYxEOGNcFynbcNqKSVQxCIEEpTBUQZuTbLsClwxhIjKwfVSXZPHHYmneKgZsaufVjuLwkvKVqXsXnFNSHmKcISchyVUYVy		2025-09-18 18:58:51.570069+03:30	2025-09-19 10:46:53.177758+03:30	t	34	199
44	BDzzLoLYcnEEayZTekFsgZPciBLOuMktaPYsusBXWFVQbsLMTavIjBADoltDbhUCJShpWrNMehbJYwtdSWZsepEinwxzlZTwwZYqIwebpRrBJJFmdHfRvBNTDWURlGWAlgOSEeCwhHcgEeWlKkCxpkPYFrSsmnOpiHqCtBUyoKgINFQYjkGZAJXcbVpdbLXmPFGvuRuOPGjlJwNOEFnLbdrJExfZxDbKpFcCxJacSYMgDtzSpmVBnvexvDTaEvf	TjHITOjggkKkaTMbzVKmXAxIQjJZsgdndiaCoKisOHlXvNmiPLGGAdqtChgAXKhwDXpxFDOMDuTjflkQmWWLTAltCFIPuGMwpnXPtUhRClhOxEDFXixzBRaehfMXbxUFonzNjNaHLNsSSthhkGSZLYTyeGNNgHzLgcEeOsUmFKZqOhKROecPaFHnUVqTrzmPYvRfaYpWJWMVBqGweMNbczfSyjrpzjHhyfUJmQcAWxiBeRlsysIzOFowSxwbqEMwivYuGMdgbumWVFEhetfPCOulbCNtMrbnvprqENqPhVwV		2025-09-18 18:58:51.527546+03:30	2021-09-18 19:58:51.527+04:30	f	34	68
59	sshzWSuceNHnNWHpKNVWRLPulaRbMfqdPvuTICKKFxyrIeVEKuZZoBIaLwFFKofdyMWrKXQrjXNFZtvdPvUpqDRwnnQfAseHQgGVjbfBgLciJxINhWZULEdiSGyVNjGdPsLCkdQjUNUCdefqwBogKmNUevfZqhsJZtScZheVmUoLqyvewaxkuQfFBbQIjMbGkhsVdpmjjsQbtmRFqKtxpYgHViYpRDjGkRPtcRhuiESsqwpqYnmtfqwQpCXZGlt	RwJOFjNXMGMJRdziYEIYQbJiOUcvxiIwSTPIgrnScrmBDaTZLhEDgIqeTJsjyGEtnNiYIoIJTuzfKZNIbMFLKIHuegqbbTxUTCoLTrGcQRvVNVmrjbNTVaPxXQHNWqxYrmlESixaBZFICFZeVPrmSuTIDtLTXlHpyVpjPZEYelmzAFMnxnqhrSbNPpzKRpzpWNjVYnZQYGwcXSLehGLhYxzmTEJPgckLrRyqMwKbcZhhrYxrJDfZceiMtoqhalLGMQHKXhvHpoTxkbMjDPhItCPfSrzTFiRpHmqJKRAXOWfm		2025-09-18 18:58:51.61746+03:30	2025-09-18 18:58:51.61746+03:30	f	34	98
36	OAMvqCSsUxJqgRVYivKcawwzTnBABHPOmRhnZinPIGdekcRMNWCLWbAvEEPupyoAFoTPOcCheALukzmqBMIroKxXeZiIwDPnpPXOtCFYLZflBRlKrjaoYYVshvebimbDQYYhOYqTqMIJXbWxGyUpjMBVwBoaMXVSTfShBHEiiRCaQoxwEteKRzOYJsaDnzKqNMXwYqLFONPbbVxopraqFfyjCPJKmekBgzooRjDphCNYCuygvvEqEsDCAuGgLhJ	VCrCMlTQKuhLNPayIHkCOajXsfMarIBXtAxfXAwaPIHlppDwciWmADnIfPnBXuOGGjuHuUiTJRLtEkGtOkpmGgtMssvQYSXsNLfiAOtYYNLpLciNbRElqplpdYyjwtleEXjuIYVKPMwnDSreMoYiVKIGHxseppdbVknckgSWrbkvjRdjzXjxAVXsHiSfziehjzGnuljjuniLGEgfPBqomEtjXQsvnFkRNiRTMmNYzOlicVZlBfhPBYTCeSfSWEIptGBFqGtKxHhWMzdKUpuUgMkkuvrojyCXfyvaDyeCkMPW		2025-09-18 18:58:51.429472+03:30	2025-09-18 18:58:51.429472+03:30	f	34	36
58	dntCFakOOdVcYCKlKGlHSkAbrUSJVOWvYRYkwpfGVHaWQixOwAJCaSmTYqgZRUamabMFNhcEmIKiGXisYerzknzWrcHkZIWfCLQBRDbLepGgTTbNsNHoRclReLKCnGGrbtPtkbTNnhIOhnPdrLaxuUIktRzGgpNCqWKzLwKaqrKUbZExJJmCbhJIbZzyVAVxtoQNPERAxMSwdcSWpIisKKpOsoQyRuPTAPDHfoaXhbKNtKgvQmUKUUnzKvPlhLv	KQcifrdpxTQOMuEdNAUHaKCDbOiZblDtZfnPuePAuclPgXvreAMQglwyfhqlDYSrAFBbuSwFiMcQYmwDrngwYcRQbJvXjAhbAublwYRMuRIorhFEZfFiLnUwQkMweeezNgJMuRNxykOHcfrfzhIUKaMGHqEVdbaEYwAYZcWGMMSCxDTBtPdCVZNLVPXZuUCnHOWciaVYxzNHbZYgslcDOuQblMoyQrjPYqviXXZZABMUUTiNjvFqzEFnzjLANvdSUUtCeMmhuFWALnXscaOPpkvahdULayVzwrSfyfanRAoK		2025-09-18 18:58:51.601607+03:30	2025-09-18 18:58:51.601607+03:30	f	34	96
57	SUufHFHmiNBcDfbROLPOkXffZYNgfKPqcIWPWJlRIFwDJQjoumLsgYpJBReDFrhDPVUWaTspzvXpomybDMKUwptjtIGOXUasIcKicipdhpRYWctxMGvALuKCzOKYyFAIpWjUkMzVZBllRrKoaHbQnhwoVKwkoTppCpPZIguhUNHiQmDkrzuBvPopQHendgrmuDMdPnZGKewPtYeflolVomKcsSzrrFiYfEnZvhaAzDZlrtiPwqlnHFQJPmJOdKr	COLSyzbDllIjlbOsSmFbSKVUrdXXBJYdHlQzcwFFIWfrhFkeyXYKIsCyOtSLLlyivBNuiIAUwHHXRsUqzfhWwwfmBvtmLvRSAatpSrBgkWQWpzUunEVyUUtLOxspemlVIrhMbXceQkVYvYWAlHpXpTfXdyxqhiLDwfqTfkrNfHbRGTKrJYeoEBrMVkjaSOqSVRFELSecrqOtUhRUfVytWPPZDClakigvXyACqVtRSuShWnHEfVNVJzAxIqazBDYRfLYsujgknYSoAoDGZRhowjMWNIcdQiUKdiwDiaQgMTTz		2025-09-18 18:58:51.601607+03:30	2025-09-18 18:58:51.601607+03:30	f	34	94
79	kqALzjxdFBrHHTcbwLDcgHWJVwhLOJENKiLXExehtfjxectYCTexHVJZCksHCipIjNkupxQbDJBAZcNfYcJXXIGCnkebnKtDCZvTIHhqPOeYPoIlfIYQivweHGptwzwvvgqOwPOLxIsbpbWNByeIJUdtDgGuuqXPwXMRdciZWDFclBSbZfLEavNYQoReTpgjvKJXLcRTfgqxtQIcnXKoLeirzkNDElsOjbembCongTJOGJtyGvLVKEopbSVPSAv	IOyTsRmbxDCesbinzUIDNjszPZOmstBXZraxAzjUAhMKtjlexcaysQDMSfapWcbDOgugyFqvCJwIgMfyncWuopupWZyUSCbYQLwtYNCAmtlgcYyTwKgXbZfYCxNXnbFfkLviejfxfFWOnqTTEoFwCfwjbDhpAVhJUJuzVnHrweszJyqHXXyhblCgCTAQkjtXxmVmUtezCJdcaEBFhLJFdKpgDDsEzxiphDKiDrtFCvFaMtZXhBTWmnGdxAdbEiHpiqhEXGUZGIUZgRjGSrVpvkRQYeBqseEXOjxdHDtxlLMR		2025-09-18 18:58:51.721606+03:30	2025-09-18 18:58:51.721606+03:30	f	69	129
98	LwGeTstyGPUTjuvMVDPIsLtGfmSwyMIZdyMiMtovDvSbzxmzAKbqyyUpasRtqFPvtxdacOuakCmkomnzlKKsevYvbCmWLNVKCrMZOxbQjZCYuffAYCiBPFGAiXXDKjIUYnzsFrpKwPbPhEcPJZkfHJmuwNVhoKlltLhNyqtNpJafmvBvAcOWVfKEjDujYFqiOIqYfXmmOdVolOyUTIUpQwdzafBXZUkuWjidpPLfdVlprLDbaCEMGegYInibXNI	MLlAHtMrECstmRpdLlukbkgLpoUstOJOWCMRbQKRQKyEiWLuhmDXExIhxjKRZGiUmuvUsqvypPfZRGhATXBCqAGcHxpSfaJcOmqmQAPHTwbmXbRpuqQmaZFTpoPQsFFtFNxEJghmSdbpUaBjXQtHWrCcYOhSXxeTxtGwjsoXAXqydLJFlKpwnhhebJHpmRULVQGSEImZJfKLsFhwRsZZpBwtJLCexPTGOZmOUBHFHLDdtDJnWNdyRsjxRUvjBEvOkPATpzvxMhtbAgzNXdXgfJbbpKgtUdtDasKAxmQMShSr		2025-09-18 18:58:51.852735+03:30	2025-09-18 18:58:51.852735+03:30	f	69	157
80	QITdGKcjYpViTVFwkxcvahDEXuXKfeNPGSfrWcEWwtVyLZNLKyRwTdnOsOEmALSxwmzUSWRaxZfHAGCIpEYPjLEhvGxRneFfGhMnlRRMXCkCtAZjyjZaiHSbwSzvDNzUfVdXvwzmBzNcwMDeiALjMqcmIJhDttTqWMktoMYBalbXLPDIhCTDdQJxUPHXUCyhBWoGSqjfMuYxesAMLConUGOFUTyVFrVinlYFvAutkNOgwqsMwCYYTSpmVWlpxbT	TEEsmJoScEhJJJyTAcjVyhUjvXwjvWdbWAsOvzpJgkNWkXCNHhTdZoACKGKYHmDdubQCRfdYfVfHpwAUmKzSrYOPXhcGpvbhesTNodQYjGiYcuSfXbquksffIdKmMtXmFWyQKtbigAKmcmuzOBmRdXQawYDwlvVZGJUSlNtiIvqxizGJtWMqUGAduhnaJVaPoGTBhICiGpWkwuIMpXbmnKxulmSnPcFNtektzmNscvsyueLyatGLoKdHFFmDriXhnAltNqyEpmLQuceRLneecAvmQfzZJFWLsNxBlBPatxSD		2025-09-18 18:58:51.721606+03:30	2025-09-18 18:58:51.721606+03:30	f	69	130
95	IkFZgXIHbhebBClXsTMpgEbVtEiPDzXPavwcyoLSXdnuYfXhXMaOSarANjuFQjUfjoLvMytCNwARcfmEGetYpqGcsPPGUKUTkjBxNinvWrVRHaSIwBZpfIIbZFrdLuZmtsCYolPoitmllgphAVLyTwkntNqYzcmMbmcvhBGtwvWtWHqEeUphBXMAGTsZRNKWkWmlwXeVIzcKUEqoknvCsoQBWNTBlWmtxyAXzkNRoEKbobXjEsHDTJvIryDiLUA	thzdeWTHJTyWTkpLiobfpDQaweyutMFBwHRnYnjfeYQjzEjuGXoftCOHWwaswlRObKGVdNSRFdqoPeHHJlLQwDrMaOMPLkzdTxOuOJAohjNfZqgtnpGaNNPUvUkmRwwyfvrSlxVuWRDJNzrxbjARuDntQUtJjDyvKnwvNqQsHaRWaFCkyOqCSeBwcrlyxGCZXyiZOZNQGpxjnGleRUaxOuPOYTjsrpxMuqfaGnLPFzihaMPtvKXjJLwUZSxrzpcXGOvIoVTWylFhVGVbwgJJmNngEKRHEtDlXwQbXMghYFBl		2025-09-18 18:58:51.834527+03:30	2025-09-18 18:58:51.834527+03:30	f	69	153
92	TXEEXKeuOcAKEoveZmJCuWZVBjQWOvcDDAzULEgSbINzpZBMQrnCKaBtZjAmYKaQWkoqqaNlhYrEfKOywKjmfOoWJYmQehuawCaGoxTSVzqOcLkmIKchPsRnjknXlDZFRpuOHhWmVbYoFvoUXvBbQZCoRwLVeQrvntcaVzhUIUQaekcceWBYgvgDjwGWirKmjFqdFqBmNyUJMsXBmTkKZUmkxXDNUFEhBYCLEiJUPyXeosFGoRmtWmiUMvCwukp	OhuacCTrpepZlDkmhAtsxfSwEGeGZQNmYIXkSdtgrmTpeXWuQFdRQHewiBSqBqRKRZZHcSiMvEmCfHVoDfXItfhBoUhzZCrcjnAeXAMbXfGgtXVVcdCXunaYhEOPPSigAuvWAOvtkswBVCqNCUrBqMZbFvkcqePuehTAPePSTgoUXutuBKisawqOuhEvYUBDebhAmUPPABbTHJFdSJcjyJUqtUakzEeWyjqTGYfVXvfyhzZKalkAowFrWmnWYpvgMPgpcLKlpRMhIlSgBUkGcJYYvzhYhSfsjGSucsejKpVb		2025-09-18 18:58:51.801436+03:30	2025-09-18 18:58:51.801436+03:30	f	69	148
83	OZsAilqWMxfxUZxtXEGztQfBrvgjeFmQkNuGKILLsVxaeLmbompkrmBNFoiCMRHSNeNWkyrDETRKHsVOYubVrnyaUwUFUtbNgOpJbpJpCqUtXdCeaCANTnLCMomHWvyIbcUNmnLGeLdEZACKYBvryQxwOOrMjyORWzqDtCbNURKHmgLBRCWLBHiNIGSJdhuuUXAydGanldlvsQxbecZYJheuREXMjImFQyDscbaOSTmLEYzslgXAODzcmeGfDHj	bjGWDurKZwwzQyzLCkDaKyStlGmQTJtpzKIUuOxdjhxomFVbLLqqXLawmtxDIyrEfGJUwTefoqlUeBRRFyDOiLGDLzjgxpiNGBfPsepwOTaUBtbRabnnmyiveObxnEKPGrgLcIlsnTsTSYIdKdPHNDsiACJcVCqwgoNNBXjdmpSevYPGlLMvuUzzAvVBbWqvGLUzfqINXElzUXwXvcPpKNMDYWJubitzOrkZTOKVxTgGnkSewOhEJHWQvZmBBXGvtKZVjaBkgsJTVUJSPpPNMOIECSMgzPrYvNIhxbJUdYOK		2025-09-18 18:58:51.751982+03:30	2025-09-18 18:58:51.751982+03:30	f	69	135
86	xQrPSFrbOnEYwJTTMDkrMQQQYvMzTUWGpXBWMaRxCPycjgxVNXYKAPvhFygcQagqnWzoExfCSUYqMADNbkjOaoePEBowIKsnBHoQKUBmPmdsSTvqYbmBjfupmssdJbScDcZEQGwZJukWfzkezzsKlfPVAQxwDRmYWURlZeBtixTQOgXdSlnobHMgsWPPKEYUhFAvVfMoCSMIuuznEpnSPjJrZLXdOpQrodGDwugTPaJKQNPrcyoMCqmOxkwLfhN	rCHhCAQyVGFFIoZRTliWsqYRPvRkYXoGKuywjLppSVjVsRfckIliEOtxaRsjUsyMFAqrERSMeDWZvhlhjDVhjXOdADfwCCiiYzthZZbmfWtzQTMPciRgokEtHHDKycBUtyczrngszvWWVxXvXGnSsekGjrkMsQttivAoUMxktriqycgqkVHBGyVbQDJAPozCmbAoIaDboUKUkdIQjLRWzHZyhmoCdXmXJFKhoTaeeXfUHwjBRmxZZmpHDXqsJjBARLZkcpdBlHwJuClmdjQnFgQPABWIgLmrWzUBqYKKkBDN		2025-09-18 18:58:51.769528+03:30	2025-09-18 18:58:51.769528+03:30	f	69	139
85	mwzlPfXmXbRKwVvceIxTqpEfpcsNFFlkxNkrklTuxjjtLrxWhpDCPXWfJqFEpcGlvSjhSvXuRIRjkHBpDTdeEWKuJjfIijMwXAoLGmvoqvXVnMuJZOTllIxXOIpyUQiwtJDHlnhonzJBkvYGmaDdXNTUjKXVlxdezvXHaLVClckeXiMQxKLXZJZPhCzXSRirYVEBtkUGSZBUWIdCgoCaNGPwCYACuUNhcXiFtyodknmoVjbGOTzTCwOKKovZgdn	iawGPsSQlqeulkgHIcCrMnheHqwwZofKlpHBjFDyjMzoJTXttoXFvOEbBOXTNlURBkwBodjAcBjBiHLLfMxSEkpUiftnLPPXiGnBZpuLHTjfBOVLeREQhWWoEzERvFlsXDcaqmIgsvQRnkucVardnhWCtVbmrLeDXQaTFsOLaykkSzGkeOXvWpkmfXJbSTBuvgJWkUnqmfBhIfucnNEiuKbyAbGhefJMuAsLBvsKsMMfiRoRHQoFkNYaxQGZQyWBdgayssVcsWcqDkOWrFUhLUOatNjMixLodGABHPvupeCG		2025-09-18 18:58:51.755732+03:30	2025-09-18 18:58:51.755732+03:30	f	69	138
84	pxNxihjWtQbsNrAeOjMwbLOTZjzyVtCHDGMjEWdZZfHIeZkWUInJcuVzBXFnijsBtGozcXelSnPvWUFQKaVIhlqJsZyUIqrSspSXibilwetncqkDPQlTHLGTtioHefQjHKBlJXwtMRUJGFOmwriNMMROwcQiUobMHvUzGBnBBmmkCkgXqlTDnXXKCZeLTQpFyLnsHlYdyMkPzObdIfxCJjSOUXHlMsMhMxQVzyzGCanIUrUdgpEdqmKrBtfTiVJ	ImYrDCecNmQZnPBxlAuJuYHxsIIIUOZomsKWAjOtwsHhMMZyXBJlcGFWwCSFtJEygJhTUSmoaVimlCeCUJrMyiCyKcMnYoogqtzAjlZHWVYEJrwBhtNcrvToFAIajKQXkCVlXnqxkyjeFcWqwThodZHxFxyHbqAAQJujONaljEQVlaAmPhAYYPncLknmzUXWzGOzNnomwOlGntRxAtyytoUdJaYNjIZrIlTWroJWstfugpBXtCYtQKgVEMvUgAgvHzfKTlimoGjZhEkWOAJctYrdqgWlrarlhwkqcjnyjPlf		2025-09-18 18:58:51.755732+03:30	2025-09-18 18:58:51.755732+03:30	f	69	136
77	ndiYPlPZoRyuieqWwZMryZoXHJJIQtWCzFpgiYLxZucKpUFNeYXftKSmqhGTJiLNRrtUoTBDbfZEgrYvrooFyOZdXAkmxCWGxzCCIJbMSgOyeeorpkinsEfXKsELTfnYZGZxioHvgbTQgcdiCFwIXjNWdrssWSNgcJFkLEABgClZUKlJbLXUsScDmCrmghxLvecEPTPfxeoseyuPrumcmwjlVYmlEpSmbmERvvvcbEwRhRzEyAeqgZBQySnRxTA	IzAbSmLXhphOuKaqrregdcNoOiLgjVMMHbsbrSECBtQDEWrsMIzzkxZYhKBceJKTiSmdYInTxENWfbGQCfJgmeJIqbRsFVZPmbLDKwkvLoSHrEklNENZQpWpVfKqtWYbUxBOuZKmPZtLxYHjoLfIhioULOfaHWCUhETXzjvjfLfjUJZafUFdgNhofCFsQDjoIOffvmeuoayzbZUzXDnxyxRMATBItDjqGqnBCErmkTqIVZEkTcljXmZiBgIAsPNiCxuuQfnVKDkLApqKAnAjsZHuESRanQIePHHnqXGAybTs		2025-09-18 18:58:51.719606+03:30	2025-09-18 18:58:51.719606+03:30	f	69	126
100	uMzaPVUmbyldWHEFcVAJkbYtairlTjEpCNwhPdxIpmlkoZTecaILqshKucgseeYOmwvoCCvgQVQEcVjtIWYSNSZthBPsILOaryxUBnmDOSFOscCvcMOqMEvgYieeMJaLWjlinrSClXOpNpzurTCAVPRqASmrsCiQdPdRGinyPdhJZTQYvsRDRkOxkkepVveFHqBzXXKteuFmqVhViwXvkPYgTAwKQjDGlhpicSMXKINaojYIOaDpcwDlJJQKlqg	vItfYSdXWKAUleDIvHorvsTmyDuzkiqsCmuSMwTkweRGMHQYuDDxUKMeJTpBACZQjJweMacMEAkJXmDWnjMkUmthzLxdPxRpubCCdQGrEjUJJZEdCPhFUlHFHFViJgwLAsyyfObxAgatOABFRaPIJtlAVaAMfwLRDagJxTHPITmOBkXQPFiFbNBTYvKyjZpsYZGMRurSQlovdjhqzhxHQUXKubfVKzcjGgXVfjJGvipiyaSkyJyyDWjzpnzOwfmfbcJrudNgQHqSiePgTTPnFXLmSHaLxjzHOZeioTWXPTVF		2025-09-18 18:58:51.866806+03:30	2025-09-18 18:58:51.866806+03:30	f	69	160
75	LjwAuWEgiGWsoeeQUmYFKwGzvcfrCNlavAnyvrCrhfXntRPCQKCksKVcOtxVpTtYRkOzJyxapeYjWaNbsqXCNFffCSegnvvcgycOukorkkpjBGVCnkDhqulPCRclMzpHnFiIbRYXrFCPMIuXfAxWkViBXODLQAaOkTyOARTrsaWZedFcVcrnHoeUaxSGnsvXkMYHJCojkwUIvNywrJKbwpuoxsUcSxtBmggsdWTfAbVnDaiPhYKbHDpVRTRXqGF	kZwXucKgMzrsoKQrHlqyDYIKrdSHSkZofRogHEcZXrZHoAkRajtqbMTFNusVUXkDuOBVgfIflfqrBiouFAECuKbMzjCzcZawGlslhrUBhqsPePzmMlURTEBIqefVAMIChxtbbDvEIeUAVXBzOifLDVjuqlJGFWTbYFollucQvHXYgoJnodGNBKZDwMmyJluZQDvfiUkpQreEAGePjWNNAbVQvcmKPfCPxNZWOUWwhRZBSIaXADYtzPtPVjhUxzReTXGmQxNoobQpyqqslpNaZuvZPdqOQRogSmmjtYfHAtry		2025-09-18 18:58:51.709605+03:30	2025-09-18 18:58:51.709605+03:30	f	69	123
96	zEDasmVlBWcMQPoaATJAhSYKUhrxwazVgwVCLpsDZGbESYRmMRehHtyYRMUkIDKFptYxgzUooVIUeiCFmxCdCrfrourVfHokuFtyKyRbCScAxlQeFOPlKfMfvctUqbsJVyLHRtchwzXMcstltKmjDhXYrQlcHHwzdHHuJrpcaVTvKRrRkVPLlfwswKjURggWzVowZSelKSesHeqlIWQqiFsMuPMfJQBxwlrPHHguMBXFdQVkyPtWhclHKlWQlAy	YwnsdzWORdpEpCjUYamVnYYbWCeMqjSNWhsGJiOcuaCRHdSfbFUAoVZSMmnCzJBYciTvCLOMmOVrPNwOyTsyOWirZklEWOHPcpfJwBAukViHqnoTsSqSmOMwDxEVoCIVPwYfppPifBNpsoljWzhIYGbAsvGTSreuzCsKTghVoUHZxivfrEkOuAwKMnqLhtoznaKzLLegkRbLWiGIemOYtwxBkKWAvJyuHccMvLdqbSZjITCbHUGLqJSRYcXtHlRmXONCFRAkclaiXeWQkSBApONofGMNCCuRWYkKMtYdVjNZ		2025-09-18 18:58:51.840102+03:30	2025-09-18 18:58:51.840102+03:30	f	69	154
81	mzuuNvUcIMQIENIqmaAUhbwWwjnoyjvwUUrRiQyAcqydWgmkzWnLeTewzISIeyeZjiWFBcnSPxUYUxvAOaZcLvJjRBxlIlbfIbfNlYXmVbRHeUlRzZOtCSBkgJQyXondEaNfONkcDEdYVrNwxrmdHgQqHbohvRLbgfkzpSiqRBeEIjlcXJgJaDrXeOFCAByTOEmcCaZGvEyQbrZRuRKZiqvxcqYQwTKClHNePMSectYNfRBvudQPyVclyPDLfxH	FQpNLIivDFHFtLnUqKiAajwwFhInOUnWOtQBBykjATykHNsLSrzegpaLHCHbvsZhcNsJxXpvXglgVfzsIEgKfYSxQVTiwNJEWfBIXxexsPFuQwzFHVpCRBMmNpoKeiKCtMWqZGNedPbEEadwofwgrmmYAEhFqADQMGwdeKkKEIkyZtrUdGTOzJTePkWedSCqavnTTBHPOzxvMNOsLbWiAxOljcjYdCntMrSHIFkwVfBHAtUjzxPAjNIaxBoVIqmXhCuLGlSJJVdkQnMlhMNnczSlxigwycdxoBsCKErlxZcN		2025-09-18 18:58:51.737625+03:30	2025-09-18 18:58:51.737625+03:30	f	69	132
93	LXpImEHaoEaydDAOukZClIwFDVSxHLhXREGQWMoPScbuiDWpvSfphhKuxCErOpUKowiSFCGkAFsyzuYQiNHlXPcMkZjkSRWWvEYqFyoqoefpkTaUZcJFnFQHtkvXGOsrQUZBqwLsiAzycxTWtTRktNpEsZRdoZboTqAoDeDauDIdpumggWsNEnAZGIHavqzcFjeVHPLouSeHTqMBCHkdDHADhTbSeaDdxSqTYieiLVNgwYPgGNnTjrwYeoVSrLR	IWSHlxTFocejntvQVpZvvbbrrWxBXxsGdjctIBidBgXOqMVHqbsypTfnNfcsWtbAHOAtugawUipPLzzpISQNsAnFeULUwgAkuBlCHRbAmLqoMURBXptaOFvROOZkMpZMGllECClkhqCwFyOIpufonkbctMyEpztAmBhfvxROWLEoWvqPixUzDjforYwyTKSHgeYSEkhEPHpqRkXXJGNZYUxFkZjbXYFzmKfziAntqjVWJAXoZbQaWGkSKITZVKbjHuecyPYTfnuGgiWEyXrUbtiuTPngENVsHlukXsjcYmga		2025-09-18 18:58:51.817138+03:30	2025-09-18 18:58:51.817138+03:30	f	69	150
94	yUzyZGngRMOutNzewDBOTfuFuVcWUQPZGgkaOKrgYLbrzXqSavimdSfTeeaNRbQBGgSrjjBSTksAIpxaaSWIwNrsycwrjhHOPTRUDnZIWniFEjyUDBCQwWtdxUojHzYkjAPspqIwGkapLqhAXOLkwOZyqHKiblFOLMEBquKLgqEoTqZmDOfrbUJikdLnKlemUqddFBHJLQHBLUGodySzSoPGcPaZwUgUlFNVOtuAHojzoIYnuCCEGafJwlRrzwc	tyBZFhsVIOwQRhIjByHnqnueDKhipFmtGgOxtBHvlsIrlrVVtJqrSMEAMIsEbLvlUmPcryksWcDAszXKEPdERdKJwARWLRmvaEtqkBofnQjFamuIeWfyCXHHTObnbDiEapeGfmLsUkxsLgYEvNtCujKTcMjGOuWAHHhoyioeZdYFTKgNbGYTgKukPeCXNcdoGxhmZRMdKDAcoXhZHGWxmqYDHKYTaKPtcQnzHdFDxDBbVdrHSvLPRJzKhCVsjGXqNuUMSMUbHBFIKAgHeUywlLQcYPglgdelXsJENzdtTNhb		2025-09-18 18:58:51.817138+03:30	2025-09-18 18:58:51.817138+03:30	f	69	151
76	uwmGvckvxFDSZVJtirRMTcFJYaJhhctXFjatlYiGiiwCoMQdBAcENCKVEfCRwRyZPCtnlZyXGwhCHyIOhCccPXUIghQjolviOEiDevNhXqDehobLHzGdrsXyUljZWqQNVLUzyxgZkIyDpzsRYVhxXTHVKyKxXICHLPDDkTLwUylcWIxZPsIkNnIwhYerfMCXIccHoJCAkqkxgjVvZQAsMtQJGkoLFhUnGBiCjJnsdgQajCkqMhIxtFrCUrCoxHt	YnQFWEohcozCaxBjceZwhJeIPhgCvKETwEzxhseSLfUmkpnMRjgpMnCBSJyhhgFqWGkHwKajnOJzzmYPrGjlJtCgFbgoEyPiPSjkFjhdccLmkpANWtXtQcXZoECnmQZrQkMxVnXmPQZHgUMDTZVdnvFCFWfYeyzULANbhSXONrmxVoXLXZekPpeiJfsSFGmuIiTypvhzILpgEnZsBQTNULqtMHNoBxiRpUQWoTGLSFcPdMEvqJutwZlZSfKZVBDACNXdEeycvxtZoHFXFHKbOukdKKWTXTuCTggCLgEaaolv		2025-09-18 18:58:51.713606+03:30	2025-09-18 18:58:51.713606+03:30	f	69	124
99	IZkxWcbSzdvqCVfNDkzydoOVwqzFFhAyMADPawNkEJKfLMJTzTcCiZdpUKDoUuhDPDmILLOnrFmDAQiwLYxJrEBeaXHDqWbsngXknhoOnkkoyxcUjxECvQobjFCeuRVppkTceBlGQvJeTrMuXnxfQLxIkLMviLoVqcacjgnSSBeaPZLuXiAhSOhcfbeVVHBQVzLkXGUdIBGJscwbWGBJazVDanJCTQRXNPkaRAgtCEtHtkRhMUXCllyfHRdqNrr	tjqlkvebekpnNqyMfzlnWqiQEtuTPLAmlLKqbOQHKNeCyPZqyQNUaYjKtBFeJmlKXcgicyKJqecqkIOWRElZQznhQHAGOjdcqiSnXCtbtguEMrKZnevfYJYWlXlnpvjoytIlnMHmAEGJMDtWVyJyTrQiKxlVCkCZzSrTPEkQFxSOrHcyVdNyRjlGSdnrmsEzZrjGxcejrkrLfDdrMfBZNgoEZxaQXRHxfanscalDHAgPrUEoDGAFpWWeEUZPADjOryaEoiawBaGWGrGVtOMiaPeiHRLePsozhedwpuvHhJks		2025-09-18 18:58:51.86123+03:30	2025-09-18 18:58:51.861854+03:30	f	69	159
74	SkwNktmQQbXTirZiUBSfIsLGuKUSOzgpgEIztMoiqIwaUFQNiAimQyeLfEClaXBAJpvpCeptjFwtHFuKZEsUJAJeFaswpMHpdrkQISXFUOWPogMTpBufhbhkRChjOfPwSOTiFnkGWstHlhBihYtGpXCPCQqmkGwakfeDjZJUTNidTaTMhLFXnXnWNtnRuqRYeNgXzYLuZFTsokBlYfSLXkmiInpommujWtZuGJNosgnYnZbarYgCbyjwFmFsgYo	tzvENWRPWggiiuynSMZvNofYievCUUWOuDcdDikddGJdMEiOCjnMnjlXoybzhWZpECxlQfKHwbMReTYmQIBcPPlOXkGjxxbKOoDUOokncWhHpDEjarCrkfwdeiJIsiqrhrGggERwpqNMUoIkTSSNdqIpTNAqrARLlbYHmwAxoeAwhdizxdWpZwUcvrvQoHADTJWhWFwtxqpMJsxAIqhEPseXBIfldmGaBUSNXNMcHrSrzcivsvcDkRmfckcahFNrdWWUPXuSBFcCJJwlXNDoXSLiozZCvNPQOeANmCaqXFJi		2025-09-18 18:58:51.6966+03:30	2025-09-18 18:58:51.6966+03:30	f	69	121
97	vpFsdTSCPuRhNQSoepXfpOpnUYBCFEHHrHOSTnxropOgWqIvWnvIomtxhftFjeVxollJmggxiEzqrRUhIcWbWzXdTUEUXqJHrZYggOtXZaUVJojQInwygWhVCBVaSbKBMgJLehXluanpkWFcrNaDWDWrfvTjfSLGtuNzJtdVGgmbDCOrzhPqThmUsrGLZpfBUjdaAHALhtiSsZLUaklMbZKjAQHRKkxdumJCkfftWivVjvLWVDVbQFbQyftkuIp	KgYWKgVFUxjSTGtRliGeypjMlpRLscCsxcoKSyrdqfXCKXaVJwkzXFoHsiwMFiRrxbYkWQOXphQqMdQzyfhdoiRltfysZChxQWwDonPqruojAqeaqzvVRGVqRMIIfOPaVbTQWdljVvpiMLPwTMSdwbPPjWHrFVLJqzKoVlrUKHmFiJUAOqhKBrTStWxXZUsHBzxfoigRANwVfLSjtLULykYVFJSGdwBUjZsmxlujfsknCdOHxZZaUNrAMqLvHKQlPvqekMdtLCxvPcrLXRhlvDGbAbwHmddexqCPTYcCxXaC		2025-09-18 18:58:51.848169+03:30	2025-09-18 18:58:51.848169+03:30	f	69	156
78	OVmNeOabEmjAWvJjOTfWlNavACnpEtrvfRqTmkjwvtIMeaCqqtffxetHoWJHYZerATPmokwNWNbzbQSqDnVGlQjhlqPplLNQRLfzuRYLPFxpPBpSIEQvwxJFklpjDTggmAIscGMfxRVUXELblWMRTteFMvqEDAhYzYAHnGgxuYyMmDRaQGahaWBjfdsRHUdgQbQreGWirxUZjtCIkVZhWjYsJqezxDaBPBemYlwYWqKOJtnxgRwUHhlOVtcRKia	NkgaCgJwPdlGJKNhuLkFwVExGnYKQqeCnSZDlZrscwcjPwhVXfVhfXRlRDHVzZbPufBlxaqCFlVtTmpdFDjjgUePSxJVJhYpmcUTzmeQecrkKFuBKtyhkLDeLDnbpgRinKcWHDaduBIQGhGFMrHAlvDZenmYqgqiTDTZPIjkoxKXDlBYHKeYyuoTvxerYHCcHzKyMqyHiFEjbsmOYboGKRPMfoDdfCGhUIiNRrqnTDlbkQnzyoQiSzWUiRFvXgqipYFXZPnkIBdRJqcnqdKLPJEbOJKAOVZiOaPYbjnLIare		2025-09-18 18:58:51.721606+03:30	2025-09-18 18:58:51.721606+03:30	f	69	127
88	plfogOuPupJmAIBjeQzrpVEfQIPSGBMpZPlxEsQFvAkYmZCWpGcBdjJAbiCkYqSsYGfkifkBtIXyGggBUpLsDUcikkbXKcyhybnkzvFofYRLeDHYieZPhmoCmPKymmsRUIBFILdzLmhgEApganXGhcwgUprGmEYrRFPMyPyCmCniZiLfGbbMCMdddhXytsJaGQlaVQSePvCuqHVHRQiZapTcZgapomiElsmzTSyZRLmowLRWouSzHOSfeRZVjjP	ntaPFEaieFPEGbenXtjciVJwTNqpvvPTkppNRTErMbMsPLTMWtEDOYetnmLguEKAtusmfQFNUpQMsjjcVIJcTYCKOTwSvxEMHLYvMiwdaaNqjFNOYgqhCFNWJNAddywKmiduaGMvipjnmNzcHTvqFUgmYgKDHzMLtOQtAdovfsuQCGnjGzzyjMCXWRUUECpfiHkqhJjOorhWylqTtrCepaaySqSYNdiRVqbQARwjHTqmlXMNOBcoXlJJxGeXObNyPYXGgjzPmveKRgfYvtoKwQRCtyOgcYBdshRggsfGWVTy		2025-09-18 18:58:51.769528+03:30	2025-09-18 18:58:51.769528+03:30	f	69	142
89	OdCtuHBjzxsGvYRkzhRReZUNtQkWpwXAPRkPEbUOHjZKuaLlRMtOdAjtUPaKsuFKZjsBXdVYieuAmAMaTmlRGcEZmZjZysBMUqVPZDirFXBRJFRbFyvQpvUPSseNOntsxCsZHjeDKSGGgwsIcfzafWVjevziqzRmwblfqqLbVNMeezlaIeXwVTqhfBiWUYfRHwNCMAaUxjXsFTdwbWFDYuBQaSskECBrnEdJOhqvnyYetbTtWjnTBsFLbgDDEfg	PPEIPadNiMOFkmJSsGUSYbGFNFJrjvUBYDrarsTEUWhcHEiXdpPWLqYpeaNkYNOysZpWtSPamSDQvcWBaDdIXMwReZyxPnAcNegRbotxxHMcHEdftFohDryrwSJDfLyebaAiUtbCngbksaEJSlrpiZsqHUnVyQnqcabcQYgDefNASDFSoVKhbouLMmCwZvQEnCaLYfqyjvLdQUzwKZCUMGlTfOpCSiZGVyebpnWSYolGXKFhNVZLPYGBHCDkUdgudFLTUuzPTqrIjkehfuzJdyRLYZroGHlnXVvGaazRIwmr		2025-09-18 18:58:51.785647+03:30	2025-09-18 18:58:51.785647+03:30	f	69	144
90	KQjlaSUefYdcvWGqDizmKosxyZIKYabajzweubYSdsvgBRSdqEalhlHIbSceLXqGFnOAGxpHSRBNRxffXMLRYrDyQuHXCkOkAXbguxYUyPbYDEueZpsvOYRCgFBQryTIaJyfviEvDkaxjmxleQJPgCAHUHrdnxIdlRBqiDCfAECMLRcOrKPrcYkrRXtvkDFjSipawgVMBSaKrvXuhTsOFbZlBTpvGXZSdJgpSCgJdYOEZEfimMFeltdjFTBWylW	aSNYcQUZpvoqKQnGhMybWvleFdbRYsFwCXSGCBFMshqwdEYlmyVaLdpQiidaGfvVtefZRoBTeFUnepizUQzhEwBRAYoNQIytFdPmEZTtRfjoXwnqMafxwhoHfvvbveFYqRoSJPjGIicchsNFICHuWXRYgpgiJwucHvzSVjutcYEiKSmsLLIUtBdXiRzdiumgTVXKbkWtIuFZvCxnpyxAQecTjzGMrFyXLDvQHoPKexBHUEPAJmrFFJbDLhxZAMkfgnMBMeMamMfaEBfSDqoqUvwlttmoJwNXNYvINoOXfzsV		2025-09-18 18:58:51.785647+03:30	2025-09-18 18:58:51.785647+03:30	f	69	145
91	QjEOWEgAuHKTZqSXEvNCPXQPYBThBiiVsdoXGXkdVLmGnSoOZOYbmohiXeohJnfpmajDnWwZDDSrPHXESSopHgDpMfoSPLkqvLqYItvmimfDkhtQBipUPBYplQdLnRKDtnlrOnOsOLtqsQbqWciesJHAvwDaoEccVnhehkIuaBdNdXnLJdbNTHVqeSqWXzisnabScqJonTwJwahZOTYjIPQeeuVBWZYVMSbfGKlxHUFFHnZkMritdeIjeBljLTJ	fQdHOkrwVOWNFtTlvTLUSJQnyNFEvsOCWpnLrYbHdjpEtHbQsXzttiPQJeVLNGQlFyxQFJEENDWdudoBVDnlzEyqiSFWWnmMpZYMNlLwqOMXTgYEZJIzTqDhCgJFCEfpJFuyanjqSBbPklHpbDgVeaJYlkpKSTcDeIgqYCJqkuIstfXbOujWGoiSxIhROFXmqYmABswSgVqloCvKTBycDWsmuYRLgfNlYLPteVElossrPPgmWEcXAlgPrvaMepXAYTbQLmCriMPoiGMqquhOgEZumsacMmtnmkBDiutvvWgX		2025-09-18 18:58:51.801436+03:30	2025-09-18 18:58:51.801436+03:30	f	69	147
\.


--
-- Data for Name: course_enrollment; Type: TABLE DATA; Schema: public; Owner: faran
--

COPY public.course_enrollment (id, enrolled_at, is_active, course_id, student_id) FROM stdin;
1	2025-09-18 18:58:51.492976+03:30	t	41	61
2	2025-09-18 18:58:51.508906+03:30	t	42	63
3	2025-09-18 18:58:51.508906+03:30	t	43	65
4	2025-09-18 18:58:51.528546+03:30	t	44	67
5	2025-09-18 18:58:51.534546+03:30	t	45	69
6	2025-09-18 18:58:51.538547+03:30	t	46	71
7	2025-09-18 18:58:51.538547+03:30	t	47	73
8	2025-09-18 18:58:51.538547+03:30	t	48	75
9	2025-09-18 18:58:51.554346+03:30	t	49	77
10	2025-09-18 18:58:51.554346+03:30	t	50	79
11	2025-09-18 18:58:51.570069+03:30	t	51	81
12	2025-09-18 18:58:51.570069+03:30	t	52	83
13	2025-09-18 18:58:51.570069+03:30	t	53	85
14	2025-09-18 18:58:51.585866+03:30	t	54	87
15	2025-09-18 18:58:51.585866+03:30	t	55	89
16	2025-09-18 18:58:51.585866+03:30	t	56	91
17	2025-09-18 18:58:51.601607+03:30	t	57	93
18	2025-09-18 18:58:51.601607+03:30	t	58	95
19	2025-09-18 18:58:51.61746+03:30	t	59	97
20	2025-09-18 18:58:51.61746+03:30	t	60	99
21	2025-09-18 18:58:51.61746+03:30	t	61	101
22	2025-09-18 18:58:51.642953+03:30	t	63	104
23	2025-09-18 18:58:51.647953+03:30	t	65	107
24	2025-09-18 18:58:51.663985+03:30	t	67	110
25	2025-09-18 18:58:51.663985+03:30	t	69	113
26	2025-09-18 18:58:51.679833+03:30	t	71	116
27	2025-09-18 18:58:51.6966+03:30	t	73	119
28	2025-09-18 18:58:51.710604+03:30	t	75	122
29	2025-09-18 18:58:51.720605+03:30	t	77	125
30	2025-09-18 18:58:51.721606+03:30	t	79	128
31	2025-09-18 18:58:51.74196+03:30	t	81	131
32	2025-09-18 18:58:51.753727+03:30	t	83	134
33	2025-09-18 18:58:51.755732+03:30	t	85	137
34	2025-09-18 18:58:51.769528+03:30	t	87	140
35	2025-09-18 18:58:51.785647+03:30	t	89	143
36	2025-09-18 18:58:51.801436+03:30	t	91	146
37	2025-09-18 18:58:51.817138+03:30	t	93	149
38	2025-09-18 18:58:51.835167+03:30	t	95	152
39	2025-09-18 18:58:51.848913+03:30	t	97	155
40	2025-09-18 18:58:51.86247+03:30	f	99	158
41	2025-09-19 11:17:17.899068+03:30	t	64	198
42	2025-09-25 13:33:57.004098+03:30	t	64	210
43	2025-09-25 13:44:35.27082+03:30	t	53	210
45	2025-09-25 13:49:03.48059+03:30	t	56	210
\.


--
-- Data for Name: course_lesson; Type: TABLE DATA; Schema: public; Owner: faran
--

COPY public.course_lesson (id, title, "order", content, video_file, created_at, course_id) FROM stdin;
21	oGHCAFyCLlmcjqqLTnsMsduEWnsjnBxyBysCHayMJZJNVUIAOYzvIjgfmxvvDqLmObxlFFwzUBxXVmdSvANbLdcQmNSPbbUBkComaehxrIpVUWOKnzUJgJseKFmxItGIobffTavxtCKSfpdTAttXaaenixVYOJcQLMJiuNeSzHtfOrjMdIAScQWUypfOAvvBjZypuAlukZVLBthzZemvesAeYdpXntOXlaxEJRWAxXyzeICNLWCyQSqwOUjjWiI	883637548	VSXPJmVClVaBAcyNxijJIgeuNoLMkzoiuRSustHXMVbrAFfwvyzpvSaVqZRSZhlGRyEVwLkAwsYetfxnhSFeMllvADWyXhLWsSLKwSybhonXAspPPoAloZOMLJukiBoUuLYGNGeYHPJYtZtiHdFFThdNDYIfzMWCvNTkkNOHQyEIgbifnXBogOPynkguVjoJCnzaCbIVqemvZEWOrHCwXciSkQLAPcZRYrjDAUbPRPbafJoqBTkDIuKqrpwWJtvpOuibRGNQbwWBpoJLymmkBDDHtUVuCJPMZjhGrJTuyBZY		2025-09-18 18:58:51.63349+03:30	62
22	BjysWFOdltiqNxSFPqVqCWTwfRxaiSWHcclRllCiThWKHrHyvUgmyiKDJaeyaVFFcAIZwiMtSFboxdiwWMEsEdRmKnnQnhYBKSzkiwtszyxnMLTCnwDuNMBGjohNIFLHKQdeXpFSoJqTwiuCrMAEXeDvnbRDPpZjnPqAptAPhtBJvLXdkJUMFZdAiDaLXTwvhjgcHhQmdUtvtkwNwEfJyoYIAJdUmzmZxMVBOUtYACUrKtnCKtmFaWdrenwmiJM	554273113	nqfiBPvvsFfDbxPxaLlvtkQKhqUWJlvjJbAKiGeHICbaoiBOMPmeoswlYEVIYoBRwdlFycaKtXIdkZozFrdlpKfNBUmbkErPdsKrRkRcFEgYbLOMQFRPGXUIRBpnuTVGeUysyMRMxnotEhOKwfErIjpgQnHpNjCPgYgBkedbccLPqUAmmwMtCAwDcXLtrCmUOIXerWBGmEBSmImjweQEdreCizkVPBIfoberrLoMKrvtLSPyQGxmQHQGIfSBfhazkFaWRbrCvwNbcpjNklsCGoNyvUNZVNqQkulDpEeXOFTq		2025-09-18 18:58:51.646951+03:30	64
23	bnXEaNqwWmTocYCsWQbTrbgdDWIsatNCoLmzbiGfrqLAEdGuOQtGuKEgJRnaloodeCuKlhXNbJzgCntrntABnXbVBgVqlcQtUjPBxmWksRmufoiftaneLYNrwhQnACGLKxaLbVyWtBajrHzrXsBtBlTeiVFtaZNZmNwjKvkEOssKDuxxeOlGBExuNChXYJBdjsXPjMuqhukeKOzyCgofthfqahXFdGjDCMsfbuMQZefggkdglJrBLVKbYuQkBYj	507235320	EgMWviqDgQOHDohTXmLBttSgrmWrNzoZyVEctOlcvkAQZPwUdAlkmyRWbtHXRdUISBdPhkzFPQKiWgCvHxZQGkwLOsuigVOLWcPOMcwcEVEdwfZrohtSljvDOcHHflqkDwTxuKqTbcPBihMLMunFkbPpZYpuqXHNxpJEcRnzOdTFBFyrRtcYfJoJXDCXBMeuMFYgqQKtoRBYjmlwBnMZTGrRhOHizSDXYrNMUHYPMAAvDFEKDUVyHgDMKtJISNgQEeHKlNJXyBPrEmchrcvAurAremnGbgHJdtLTbQXpHyaH		2025-09-18 18:58:51.647953+03:30	66
24	sFGqjvmGPOhUySOsQfdlHBrHsPgyTsakOKnAJrbvPDmgzwLEUZXvxqmrkiFVAlfTDRCRZbLQJGYTBOpXFEdMZezOnGkNxSjWvJCBXuTVZGBEfKTucADtbPfOvMAtEcwaCRLQratDrNGXBsnUqFeqNgEoINaqatLJuclnlgOzRWMwYkUDUtolelLiikBRSlncFWRYRLQNFFXLbuoPMXlekBElYCtTwKasPeQPQYGuahDopUqpjcNMYwFbFMvgxMi	1944945112	KAxldfvGYNkexCwVDtPUEwWYdExTZEysAdMqoEfpSzUzFCcQhHtKIyIVrHMUxQMyJGmVINIdxpVQVJirwPfaSSHZrcKMjRpilPrpwJMRblBiuujgSjRUOLODjOOCwqbwbPQCqbUGTAfOFkrFWkTaSrzuNXZawPadDotMnInSikvWKODKhOplPYKZPYMWLpfeytRePjKjdvPturiOwKeOSTYMAVBYypEcOARCqeRPNOkltJvgMdehCLRSFHXtriLkyxdpQbsxaZqKbtwAkaBlQZxPLEHHajatFhcgfcKgyLbT		2025-09-18 18:58:51.663985+03:30	68
25	GkbGfsoOYloAcQMdsuSZembmxsJjgjDytzgbYbNEeMgdHhQMXYXysDVAUQUmABEuzOviwxHbKNHRnsOeIlotXaWmsYdlDvHRKyszBCZIIivnTXCBgINVxSirGyqVgVFoZEYdshdgWICKESdiEZEDxOvPaEMPzaArbwXvAfqozGuoepJxsntadUAjJwmmUUuZpwcWXCrsyiAKJWbVyBWOqoLpAXfjBwYWznZzdaViDHCmPbymXXcXSulWjhqJlxs	26778638	QaFBcCtIvFSlXfgQZasrImzRiaPWLfSAHkoINMRZoWcjkfYYAamCFNWJGGuyoQTsbQHmHmaILlrAOOnViObUbFKwylQYgMKQLUHJgssAOfoBUqOxvfkbnGphxmqgEEJSsvXxNqxrgzmrrHLdYHYrQbIcVBafAVhGvVzOYlJaOiZhrZNMCzCLlIiGeicbnIvtHmfkJIRGrINcVMWhwcbLrPfIniOdVGdXeuHOTeWNLVvEZTCCPdmEhWxosmfuOyKVMjGcVaeDoEStCsEfypqOoCRpkQzmVoHpYWPDQRIfGIiE		2025-09-18 18:58:51.679833+03:30	70
26	jHdJKvjYMNBoHJBGmTvXcUIejNSvngjIpfLGrOYMFifiaXpYzmWmdTAJJuhupvHjgkcOGLULZoCoNXXDFqzMntvXaGVrAigaEFtKHyStRJkXsVnOmXYakhKxRZjPRIdqQVaNfUiXbSQSMZenIYuMFADYKQGuDgONHHUOCfRatEQlnmsTgBbNyvmOVaYDhUOJfFBZJhaKReknxOUitbfKSTOgkLWnfCcFuAVKRdExuYsPrYgTieDVQypcknnyKwe	456981453	yKFchtewFthQnPeNeieyCFzGTWuyhcPRtZUIrPKLhKQpgDhzoerSHbJMVBgfYXyzpoOSpBSTNKShFxuRWjfybtjmbYnrpEfKGAqNuaUOVeIUuKmAXXRNpSYgQqvGXWXxCJcQgNVtnCFRgixgzVadPPuiOLmeZkfKPnUfvlsXdOJYdTFGxbZhwGwmjHLdPQPFeGEdAoFRORILwpZTOogFkMsKkXCuOkZlvXRIEMHzwQKDDXxxsjdycEvrdbMxaKpFneEqDvqpymNTXrPYCiGiVpNMnxFrJeqywnjeDmuHOOOk		2025-09-18 18:58:51.679833+03:30	72
27	LWDHrbeUZZiccfmPYhvtUNuCyiYCoaKnQCNBSOflxcdPeaLRdloRkCPTQgcHaJTavjcfNMdnVVlinjzBQNwjNaFLhJEKsFokgljVYxBiIEKOuVNdlWIvbAtIEqVwHOGZntoniEHGgYQbDyWsgaSzmXbGRCkSlOseXZTkANTOaYanlSiFCAaotJtYZbjnPtfwxqjbyWjdnLNyLstvUHmWpwDRUDLMARHzQJtkaMILNsjvSPokVRcwcTDdVqENWyl	316455784	BhDlfjyQLrLwoKquwpZGWkmbnklWsIcqMsMmBNXznkzCFpoVaUuBnYqrKJYBGAfXhhXxHrApJcJfBLHYApLjyTHrQfONaGablnwSmorOkRdzgGNTdAHogcZXXVSmVfVfQifCXQWKehPjKxYKxpifrLcEjJtMnnmqPibtoKSVTQVGJuvWPyCUvdwOOFMUYNUrVxvzZtBIIVyXxLOOiMyQnQoQjAXudepDngoVjwJEOOWaMMOiWBkmWLrZkhJatmFfgHZHjNutRXFnHKqCNscwBMHlmKfSNaFwvSsloyNvcZzi		2025-09-18 18:58:51.6966+03:30	74
28	DKUsjruBxcRcMxpwhUYeieeXZOJGamolJmWqZpaxrwPwoVQqOzSYmtpHQAJqMqlMeVojwxrENTrKFoEkTWTHoxEIiMIcnrEdQciaPQqFlVhnOuvMfkuLrYKyqnhWsJQKsaogPzIngeOiMFCBUNKLRfRdBkylRpvIBoEtKuoDiywdZdMFHNbygTaFUPZLANZgtNOsDDLWyTWrECwxUrwqfukeJeePjeVeuEpQCMAJekqLJtEpUgvRdOKvDKlKUrT	1149472984	zQrZUooXbUKWGsvuJagCeakVJfSWRDomfnWZgPiNJnOiaNxqHUgrlXBgFLTBxgVwqjDTCsHQjvHtuQbunJlIIpQciGxvwiuFjyWtrBNffVFtGvOHxAkruIoHfvbueiXgckZmSOCpJuWiSfUlarXgzFadryhGhGnfPijhQdzbwoGJLyVHtaOBIwtYetxQBnMomjnnTKXjoYEcopvPbWTcKrCkzLrRJjRaNKnrxOjYKNqlvAjYUREIelyzBgALCKmuIJBoBPJRrjbkGKtKxbnnvXjTQuXnIgVnlKGgfXUhxBhE		2025-09-18 18:58:51.714607+03:30	76
29	VqBOLcDDhRkJATkQqKbFsYDCZvJGCjCiddMoJqXYFCyrZyygBLjqrLDjedafiLhgZphWsYQOEycoINQfAaRkzgTSPYQeDmYdcyxBnsEkdceXMXoWETErQNMOEOuvDDqwBBhdHwdBeBLaBPwFBjCFAVuefmrjTLiVwKgdRMQCEvmJgFSYPMRaqQgmrgCDWGXOCBPjCxzUSHBXYVASKMKELiNkQWWmsCsQETWTCsEozbsqqFVqEaxUlIEPMQbPEMF	1450676864	OoSDbuTPbRhpqUpHxZUKIFOfLXcVVYpTzEGTiDTngqcVlvbgmWMpvAUxySkXgfiTULABlMmyCjzdXivdHMfkpybiLFCbqIBeocnAALBJbdPBbNbwFYEhreODaiCqXZscdwqKGjQLRJlHtzqatpfwpsObZbcRXbqEbKsypxBvIdcUuUfhAGRGMKsWxpIsEoGsYkNsmNIeGNMOvrUxpWTQMeQqirfjyjPVOPRGkBGyCmvaWezswxKIhvEvZIrATFAlWPyMMgNbylFgnqrGCdoPnhzxloIiTiqIsGNeziwCTOxF		2025-09-18 18:58:51.721606+03:30	78
30	fdfbgxTFbFSoYzWKpHJewmWAIFlnpFuvaHCCdKREBaOjZekkrryyEdbLMbEgTsBKRsVxQqZDNsxlKGuOdCXDUrhRlTFcHOYEAytBLuiFCRtspRoMQJwoSMolKofSXQqQEtimNQqnBVgPBtcFbkJjeRhLZIxdLsXpuGhQJclvQTNNACGSNAblHybGRhnBSuFqtdePdJugBncnsSHgIhsDssIrjCTwaqsBTLOAEfLrcajenUmKustPcUaFXTMRKFW	1137015127	WHpqlHOYRhWuscZifpIngtBYGDQJDJEAiCpQXUDBjytDAGOgfJcdQyxXXVzsfHQSbcJEVCYGLpyxeGVAoqWhXZhBGKBDcvXhoXXjthyftWpqjUBEmuyUJCgCXZEqnZDCpmchiSaLkUWAzITmVgMButhCNdXbptyGexPrNOQYLKywBortDyOlxzkqCdjsTKoKoAxFERwyITgPrnAXJsprCFenYoOHQToBFwEvLsyrmOjMphCPGqVjnbuJQwWJJrFzVvxQzMWxHSlUHTDPMuLSIFuaXSawxwfvkIjxKrvlFOgk		2025-09-18 18:58:51.721606+03:30	80
31	yYtzDgBdbANqkHsAKkjiupJQPyUKfRAnMwCEordKtowTMNaXosVDflXHmhegXzNjzUFeFdGlqtMzyANbSpQwmfuyqegvLxDFqhtJciJVnnZbuvYTEnIoXxjmxKYJalJKPwZDFyqsJozjoIjSyWTjqhCoUJVRsZsXtsprgTRYtbkQsBiLbdPaXWVEnpMhpdJUkOQJfLnMtbbkfflyrLyCfKvFBTesENfJvCiIvPdnNpKwqpfTEHglHasMafUBSRx	669190984	NnuqQcrfVfzzflMwczXnuMWiQqMhNdAUMfpsKFcsZPvIWNmxHUxbzuqhoAJZjRYQNytzeSurAwLGHbjARTPGZbjbjnNVOGaByGsWvCfwXIiVsYuVoOljXLuvXZaFUtlfevpBDCqXzyfJbtSEaXiAIPfyJAtbtMHeuhWUdjkbKRjUVaWNdLdPmRGcHyylBKmBiDMmgiKVemRhEomdlcbgbUnZFnKIAKGxBTWRAYxymwEZhCYTNEVETeJiForLNdOjoQgFrMmbWATiuTaVGcYAqaDwhlJEmqAbZKHwyaAkRVrs		2025-09-18 18:58:51.74597+03:30	82
32	UNEuhpsswspZwDAtcijrgVjqoaRZcQNtIErHGNslIjhNYnNgvlpiTKrHYfZvpTpOEEoGMRYBpnzdZOPAgBEWBwCjjlYcVUZXTRQwKkUGdPZtxxvKFDQiKkBcgutLYGXgAiJWKKbbtwrgSAkwyBoFbzJWZQMQPffgApVqtULyOENjLgGhDsNzWgbaOAFKCLkxwHvRsURQlXkFgSdSWNomLgwFnqlgnwmkESbGbDtOPCPtEVhTvFmDEQcbKMgBFJp	157345710	DLoeMpZBcMjIDfwiEaKFiPLNDaTLxRWeRKqAHjnpKiiOdfAuhFDJFzybjNgyiqVRSaQCTjkUGsResQlAQJCIvEzALbjfmshbkNhPZWwZNViQEzjJNXSkSKrEPhcjYerIGpIvMnRpiIoWtdaxZKsROVuGOeYcBYYnFBiDaaydMwRzmZGhpbjhYjVYqodLhwZXXfXRWjsCUUBBQjzvHRbstwKSOOBpSPyDCiQIbOUQJXOpdrueDyjUwhSPJYZZGjQAMYbBaOjPHMlUKDLudfMlFDdYLCxznWCEozOdJggCJklU		2025-09-18 18:58:51.755732+03:30	84
33	QkFIrIanAaOhdEEjdSPpCcRoJEuhbGSEqlXxNhESZfTGMEESRTJXeQHCGkpwAIXeOQwXJPPkMNRZQhPuKxQrSpJAQVeFcFNEwhgLVmaPPcJMFaqwavyNxjZOGGWxDHOBDjVcrrpeFrMxQXBJitWoUeukPEgMQckWmRsugHEYFhRhnEmwzPUTxTCftiPvSyVTfdUuvCqsPxjMrKhqSvGxyAALrnAmRgfXIHzCDOeoyjeWzFbrxMfGDKIYMFppTut	909450551	uxsbKzXITPlgjAgsYFxhsNmChJjyEaLSxbxIRUoFiXLAcuvRjubBxdezCajBfvkmEWTNLzblMcGlXQoHghyplOKioxseYzrXzfRSmGMeaJmbhNRYamqvnSNoRikywhfSJBFiIWHAvmKiFAwRwLydPsaITsPRegvFMkgaeFloUwVLyYoxQIueTIrrJNEhrYpQGBMenPkfRSoqNsHHOimWJTEebyqrUpeUotqfesqgdkgoGDQSevFNgsntcWyPWYWMONxczJTUTfPRFpQfxmFtIkFqYZCSvXzeppqcAQuFdQAK		2025-09-18 18:58:51.769528+03:30	86
34	dMmQIMyFtMHEgXdTPFYoZJBzqtzeRkIaJnAHBKASDLUyvgVmQZDpMKJAPUyfuJRtfdtIIUXnpsBVpJSqfUjHoHLqyPHWXKqGAkXawyvGUDKMBBLVWfZBUyRlAZIiOTCysGXhTVgwNYJVagOSNbdtRNcKUcFAQUrnFrFaZqywiBnCdQZiEJrBliNSdAHznoWIBsKHfJPbTcnqttMHUBRlcvGAOPqewwdHGPHpsegsjpfODlSVbawPDVYIWWnpEao	958835410	qeLhUPjmxUhIJiGOyyjrevVuZkMhvrpjMoaWmwzxcAwySzQEMdDIQelfEYrAMCpgRotcYYUBVLawQDvFKUVHcaDdLWmahNzRuVUvXnZPMBFKgWzkRKXYFupEwyKXJJdBJQBkXgUakLsoJuTujRPtEHpWFkatAQHJdyYGMpzvONCmkHayKAbPFkcvjkqJcBmpwYllrMXilBCQebJJaLcuparmIluERuEXFHqrACYnRUEXgfyIvzAxrZBHdpkkLXevwBeNLJUUaPYoIkbbwwlpdfxZKnOXOOKMxvXjijerdElC		2025-09-18 18:58:51.769528+03:30	88
35	DucCmjcDcmTZgFhnNdNTZXKmaXJPZcxOutozVhZoliZGmXrZfVDvLjTRmcfYPwymuQKTfRZsQsaPkBXlhGtmBNfzkiNZTdEgWXZvzzsBkJVTbRTwHpEewPRBZcstaoZsfUkafJaekNOXBlYCzGojfUgnrnyGbIwXzxSpzUWfdwIWLKvHUbwUhuAIoNLXrpTYfjoKKMOrwtcXZoiBrJYUUzMMoKHnTKeezatHpoXdiodKqkpcILDAIXOqjrlzNqX	1071093618	TQCUvutePNpKwBNCeONoubbxwIbJlCglgvPZxzRNtBrxjFYzceaNLgiLNUQErcbnPRPphmpPAOFghheDStTCNIinzRjdssRODrAscSjgXiGvswkJBHIQbRdYhxrkKZSEoJYgEiOPKzgIMOPOtlTdgcrxSzRsSGbNVUVKXaePnhMIucfDlaYSGpsciMGEgTbGesPCrmNqVkdkQVCgclkQgyYsqbWBzAsbXsWeZFxvciCXhgaiJkcukzqvhkcGSbYmkHnnsPDwwkKCcEKFNbFXDIlknfmvBSqxhIGeuAKKghrT		2025-09-18 18:58:51.785647+03:30	90
36	OSLjLWwHGYcVrkmjZVYoJMZYzCmnEelARLwniRwEFrfneQXqDyrtPUCZYsrSIaEYguuCszWMGnOymTxKOUrmZMkXfVWWMcyYLxRGRVRfjNcKRivigFpkVRHYVxzYzfOexcdDCSFClDUMvVtInTrttuUXHqoirJTLbMsUWaeOPwUHSNpzrtdLZMEqJOgTQpEEjvOFwpOtHtUJvPtlMUlTXxfofeOyrBcgisFJkgEqctzzAHPZMAoprdvbUArPtjJ	113479845	EAhygBSXyKkhqCIEDJphBfNWatwxOsgcunKdkNqOEVFmZCPLNCTpgUWtVWOnqImyESqjJiBiywzgEiRmyjfsAanQCfqXHwTlvySXWfOBcIXejOTEGNwlMFGJYGiAWwgWxNhpiFyNJqLmeDApNqlpjIaNFwtgBrWRHZCWhZuUXvdMGkEebXsMALaXMqKKrCIMkjtnsKmlrKAaGmnNXoJjkrmsmTlPKimzdYydRKOITHXrYejnxWkGRKEDZXFWDEYrrHLXLKvZMmXrsSqxoERfYvhcqWkukEQcThYFWJXYYTab		2025-09-18 18:58:51.801436+03:30	92
37	eWTVYcLCMXxRAxuVwDJfDjLrDBIhibIIApTzoisSOLKxazWumGQCmcsYVXlaWborzAAoWQrFEQxSqfqTWhcoaYCaNgrdrQGyFacaZSnaHggBmwmOkDAsLigtHsQNiRqjvXBkmMfDwmZAKZsDRlMuIjlQWyEuiwYdnbEqkAvjwrwjFpypSzPBxawAJukECKekYOSMUYnVHNzbaxHdpPCuPioSEEWvGNliBYyzuXPIHSAGqxhEiLmTArydnKqlzfH	1302898943	oyEWnYuZnjVBCTGUmpSjWjuzGzMEzvhGCYNNlUdwqSzMlxgMUVOABChqinhRfsxuUxABFStMPiJaIVZtZKURegTmCGavjLIRAcBECvalkDsfOeGnZbgJQRMXRfiiOVkmWQulAhkeVaghpjpneDypDvohqpmvDmENhEMMwIjwQCYTntEXVXeTiAaorOYVAAykQQaZQVbLFRJZzMeGyoJQlUBaEMAnTxXAcBgNlyOPFeUbSHcQPSBCybBYHOtVrctsDpHfkKDUfSUyZCMFdckEMYTAJXYgcNMucBqKkPOXZvVu		2025-09-18 18:58:51.817138+03:30	94
38	mEXqkNVianrMdTZkqCrwmFpmhwTnUjmoKtiOgqBHsJdQSXkAFuYnsbOUjYnhwjamUYsGAizZdzRctsXTxdDypLsdiehWiOjMcRhALWDnPEPKmUZIzrpRNaIRVkuPwhxNhDCKLYIODfPVkCjgECdlpcqsetfdTbjFYlPPxoXqZstgzquCslrrbmGsZxECVHdGDRSsLtrGhwuOJUWMRlHRWfXEgcpZGECGgrmriwMMnTTFNzDpxRIRNtWwGofgUFX	2111824889	syiXpDPPZDhZTaIZzNyhtofIPqEeZZbVYMcCchPBISSyBojGgPhVYItePNFsRzCCXxgkdEnYhfAfuSvTPKkFIRMoHdZPlzOhgVeZlFgjcXkUrvpvByzFaHxClmQGhcVBmpCzWrfNxJQheqeQWjWugtFIVpLqajkbVIrIeMnuodCeyWTRPkYxQznpHGDQygrGGvbYlUzOkhHGpTnzkDNkKSFLSAutrNcLBQDudhPxGvvzdGEriNtvBzUUgZVeJKgpSfJFIgIETGGHyTUHZqNRlECGsgagXBHudEvwdbHbZujv		2025-09-18 18:58:51.84128+03:30	96
39	KMKwzENplmixvEvErdAsVjaXxLMuLzQxFKUoEyAxTEBnQhWrvVaoxTYlQpVIwHEUSEEuhSVNCreWXXkyhsrKvihQzSLdgkubmcspbkhXTJhdUveWtsiwDQXHCmxULMynXyWjSBYTSAOELeRuXGDESqmpPaLoXFbVxQYFyllleRCmKofceRodHaTPsxKeHCxxBzliSYmZpvtpYVgmSGXDXGzRfTUeaTKSGeykzuVTaJqyQBhODGykNOJasDYpxSK	518044176	VPMqZdYPlYNgzHsIQeziJfdCNmAziAkTMSkmHwgoVskwEDVtKaLTnYQAmrtVpncwAdmKAwQUWFRlqdSWckUUuJfNKPfyavuNvLoYmMZWaBbfwTeLCnemDnJvSvRvwAJaFEcbJuenRVXscFwaHhsIImlYFUIuVGkYkWwrwaZpAfvaMnfBpAgUCmoWFEigMlzshNZciOAsxjpdVNWIOtRpTslUxuDphtSRPxNzLbmSaKmKomrcATNMlzdZrgSYJeFOPQdMyrNxqTIbkVZhxbAIKnffELxKmnCctmxOKHfTZXdd		2025-09-18 18:58:51.853961+03:30	98
40	eXjurmuwssSCaRXnvCmKMeabSAyuDcXjNZxyHncKeIJyOMSctiekvODRMJAgDSySNTLmXDAvDiRohUfXYshFFGAFTXVxFaGhJODLFdNxRmcaVsfITKQCDVbRWmlkIDPkDDpVNwJlTvFqoiNUZzAqNQsmPfCQFqnCYRXhghmWeNaXGsLRqHcXoUUiyLxITdUbNFMlMZWElfCmIJQFlarpjMPqRpJWVbKjtlPMtjDwnIxMdgJohDZaDMUIwzqHvIy	1479986924	aBdEcmGdSpfyQmUgrZQNIxbabkTURHuZlUZqHKOcxnwYfTlKuzihKoEbZMcIqAjXjcciuOfdNqgWVevLsCQnJoeNQsDdIFEZyiMOolRffSOmJWBsyQRcXIKJMWTxOSGvAwLKjsPMTjWZAyCnTLkkapuhNxkizRNCAvaFAzqfVWOOpGMmluLWBroISUQdZVbGsorUMUTvQukQlslXIXRQGQBLMAcUgzYTfQEzgKdxAPWvspJtnCulkEytvYhCDmLuwcbFzkLhoVbwmJZJXHkACkABglZzlHwAaMopMswNbvYw		2025-09-18 18:58:51.868093+03:30	100
19	sdzVCetRUGrjFZqmXtiOwCKcIiyRAMCjLrzYfqwOyOtFCwEWISZFLkFZAbRUdjvhFNwRntisRGSXsnhHdlyAxRQEYOIlrUNJilVAIVsdHOIPzLTabOnoolWHLSQrIBhSvhUDRqkZBIchDTXNsArbkJPGvZHidyGpKVxlVVMnaNPOANRITWZnZHhHRhdEeyADvBXETRQYcfJHkCPkLHKScfJyqUXAMApIkdCFrfPQGzcvtMVeatrUfXHBodAZPIP	1	JGPJJRZOCBvckPCEnCxCUuloRJkAjKJgLghINzAhVPQmoSBoycElVoCzbKjGqHjSmmlLLdqhHFngKeKpLaPCaFiLbofvNYbLORBmUqkWtZkVgqXZWXIQlvPdXhMdJeYOEDjPWpFUplCKicZPaaqIlFoZyDdTfcmrcOvyzEdAyfFWwCeorVHenwlBBcvGQtNfZuFaBCtrtmWQXvHDvcbonRZVjJnCbRcCOyKuFIHBIawpParqxJmoVtFUmMIzjrnHKEPELycAkLKrRkIgeEtLwaxjheTQlMtdkAFAXFydwCnT		2025-09-18 18:58:51.445505+03:30	39
14	hyNjccsQfNQyGQbTQGacSJTPKqHXyYYdOkoTKEdwqHqlfPDRskMZiHaTOvQnGHHvAWtasOjcmwZZhaiHKHUzCAGkXfRsTfKFiBsxFiTPxMaRAPYaQtwvOArPLeDTiQvIthKElAbiqvdmkKRFlqjAHgQmDAfYAggJjbtyzdqGoAvpdqtzSNFTpvfomMWNSxNGaHxZFmhCVRqqFuOEIgVkkeCWZsvfFdmsOsJEOpyoogLzakqujWHNBTQeWzezgLA	1	nXEEvYUyHRSyPQHPNdAgWdbkbxndcRlMjbORAFTVzwbrzAmadpPwLfZAMSvZXiHcOUJSUAAohhfmYUfKoLzCpfBAxYGQRmMiBEOnuQhkdpLovtpNlQsrRHCJmipWIYtDVtJZHNQjcZTQABLpnEfaLfehmEzeIIJBvyTbBxbftMxWGyGZOIDKPbXejBUWaNUtyliJIiTZFeJrEVCtGPHKWwsFuPKLzUqubZtxcmReaIDnbbjxMLooqSMNUVefAsknHefXuicSPBjeDQZtSXthqmxzwRaryIRKbeItRzJRbwVE		2025-09-18 18:58:51.429472+03:30	34
12	ieMvocdPqLBIUVsYtdawhSHiEoGQUUORFJGRjsqAwSZFsmflEQmlIwZnlfFLcTVPRRXRetreFbFGhoFLRnUndQPMXgXCpDvpMDhnDzRzKrazuBBaXIjitNcOZBUYViGUFSBSVPnsLJevQYBHVTBzEdrYoRLILDbuUGVUgnafKMINtQTWUWVUEAcfZDeYDsMNHryHSyWidsyUvmsiQUjunklDLeNREbEoMDsmuycOYSSYQjFOriPdMfOhomKElIF	1	COmKVwMdGQTpvOxJMcOaEKYDMxnhPmCKZHXOHnYsIjZfQAziEjkNLCoaNgOemLRjjUHlEjByGpCFDksznJhgpKuwofYCQvBFsjcdRQNiFKCwXpXNHHzdhNxfCZqgxdNCssbYeDXqZKmRiugaUKUTdmejfSHctlHFxnoTQjhQmWAasZNHDmaLbeOHEAgOaGKCPPeLtyHWjGpvDQdXSUOPubJmwJvqYXKEvhyzcxEZDNKpPPGEiBzcgMUSsYTaSHVUnzGLbZfcBHwRzExZoDfPpzPrYslxbJYJwWTkIjofsBgf		2025-09-18 18:58:51.426473+03:30	32
11	UcaGSpNpfuGqiZlUAbPbBwHUMEEctifilnVqWirMZawiDubpYTtmzbYYwGLutiOLfdQLiuKczvmOARagKaFJRVuihySKCnUvTsOLhfHSXGZngsmEfNSOLTUGFQLtNcxwXCoPNRTgNNlgXFlZCgfJpdtOPLthQSPLjzsILkpKKlMuJtxMQvetsVnatmDSvTnzSscPYOoJQXfwjzTKUehniQZBFbegHJeCWKtzIKtaoVeeOVPOumhMZcseNGRKPXR	1	SBLfddrVQaaYqNJTXflxklpZXIhDtXqwcpFotyAnquYYtrDUIMOLDsAnleOHMssaerHsexGtTQpEiDYkjLolFtuiuufstdAaRqJbuGtXITKfacAjBGxAlLxZcRJjClrWADWKjTtGFxciuusexNZcovvQwqfaTIxPBwcktMpUavtyALevSadfbLbjfIPBimcgXpRvqFzzOfPnLYucKsKIxRucgYUEtQXTdDLhhGTXzajvnEyFCKGDOZCeYxUvBEVOLvVfggVICMglCzPKnqMxDwEcbfHFwqwykdeHIlSBXPZw		2025-09-18 18:58:51.421795+03:30	31
10	KlXQNKmXAPsFPvgXDLtlzZVrNKtzibwCaTiLtCUcLhtWVEIKluqyLmTOmJirnvMYvpixkJtSclOKSRyAYGXxgdedFZwvpxQoRHfcsonlqIPcBhrrFjRexqDJGWqplLolnSNtKXCJwzkXBzEtyhAYtcqhcxpxSlteDgOCUGnMFvEPDeUQDfJRczcbQKzsnELYOMFYQmVEjixhjCKpmVzfDwtnKsnuhdpFUaCdcdiOYNHMMHVeyoPeyktqfkUFvSN	1	MkxIvJkPXdgsJiJiKIEgaLpLBbEPozvcyQNtiQqRnjQaZsprrlZgUaKzOaoYOkbfHSONljcNVRuGuZsqGPxOpkGtEnqUAIMwsLVzmajDaClGkpNtTBhiZVoitayIbbCVkckaEYQxykXcwkgqHJDgCBrFVWuvPvvTUvobNeHpLqZUDNlQcvdOfuIoBFKGoLgtPkEXtCKaiptaFPPzDJWFIBfPRiddHDoWaiIoepdcEPiiYGflneYsOfHUKFFXOdHvwbQnUavGlHTGFFZyBplRSaveLNTbwGRIUsMVFcnwIUyQ		2025-09-18 18:58:51.416833+03:30	30
7	qyELEdefQllPQvnvpmVRieVcCnlovVjFIfuvyOAJPvvVdKBknlsbbfCTkBsyhJSnNXrtSgridNIOgFkygbGDiqiXQGaZBBJBhSprptQZTCjzcGmKcCKoGrBkRqotayQQziDLWjrBBQFyGNQuaMYGIVewawpiTDGlsLNVMkYjAXyyMzIjwHMTKfMNWhHntwCqzbSrBPPeABudnkMceWgogtTuamMcVohylxTArMiUMgXLTsRvkuwNHQZDvRCJbnc	1	ydCLwfKiMtlFlUuUfJSWYixqtMInhGvkXISvqNUNTvQgOcvdeTwBSyfDAopwCGihPZHixZgIDkeaTqvlVHuNcDuiKYNVaBetBSqGnDgViwFmAsxvpXgnKHjZvnxTfHDILauqCqLvATnaJoanVUeUhfdkhVUyswWxSDqrDnmffSYIDmJBLzMNgjZKjBPZJPbVhkhaRUquasalZwTgNOHttVmakRkLkxNTZohmYdbiZAZQSpkdaLVxoDtiZWAHfqEEcbweYmyiBCMdWUcklPzgNMLlrZozLHjaqsaRmOSiRbgw		2025-09-18 18:58:51.402774+03:30	27
4	SERDzwwidLVazoeUDGpbTfObyDfXiLMEjKzmpraMZPsbEuTVdccEvidOurkSqCisocPzkJeJnLejLWVShXhvJqsPGjynNBxnHjmGomvHoHLILdfZeKafmrJtUwlohidaozdnEQIqoFrgGRQBQOyEBAjoCoWBFQlSjzHrVUgmMHeatfEJADCasyXSRUyceyOCYjbeYWCRZrJRcsgyTzkKSEMYoVSOsMrUJSIPxVwzVvBfflbNEYihKjVcXgWkDdE	1	zCDbBSCzlCnHrbwBCnycgJiHEexDNhrQwKvKcafoCucecvPbfgnAqXFmhoDdAcuQiPFIPDsXYNwEQkDUpeqtINAtoWOexJebyxDmONvwuWismUOJzrqxSNFOiqJWzmLUTyiZZpUKKAAHodkXfoKODgwBULyPBmTxDxJxPtfZMbnOJRHNYSjZbxbQPPaSMCDphkYtsuyZhLzFDFQvLoapSmbvqcwHByBtvVVKIWqGunjHhsogrywSWEjjjkinknyrmVqPHLARxrXMaQfYgSXKCjfrcZrPxXQUeFPGRajcddHR		2025-09-18 18:58:51.383521+03:30	24
6	EbSxFeWacQVFBaFofDRdxRPIIwNPOljavdphcWJpUNPRfCWYsUDLIodQNBpEzRCnUrJGcUXIVCNDBrAqLZzbOwzFeVczFQRKfVSleKZFFWyRSZQVEyfeqEpHJhtnDrkcHIrQitheigtvEVQHPBcNzdCoardcBOGyJBNXJNjHWRkqEccSVzicTvyaBUKKBFawysQdoSYBtWkOpYbnvlYrFRqUVFYkAWmbgTHwbPMRVclmVgOzTVQYrYIMnKaZVFW	1	tmkEUdhwkrwTlzoisXbZfzFkdIZRrywsOwgHcXmJFdFVNyZzuBgRWNkbDBTNzFIfgNusQmJobijPniQejmjYUiIWFCmNwTTJRGKFgvMDHcTlWHnPymFmFgDvzrmYSLaezPfNXmkQLagKiEusgiqvcNEUWXFmSXUxaKSJTpZQhXKQuVqDLjgxbWeZSTgRluixmZkzwOqquUtrMSnqvAiaNfXurZSJyumqyvFJYqhWGyrzTzDbFUAYdHxKGqaEwIuohEjdlSAjclxaupFOhJlfevEjLYIkeQkeXDnVJbrpssUT		2025-09-18 18:58:51.383521+03:30	26
1	TqSfvWhfPkbBzdUwVCCgZjEcQFMDywsFGkzhrwhHjQVRUCJNnIgzbUcDnMhzaWqupXsXMUerEciJgFFGqQTaOUpclLRxNdofFOPkENCbszGvKCkjCQJbdteCaNAdYNsGtuuAbGISTnmxzvkDahBfUrfUIQnFqYBtjLRAQNyInlvNhEdlgJgfCQvKEUSwTWdxAVhwJvRwYareHRlmeQLUMwXCqgqgaapjXDHqjfOnohtnfrlDJsUvvdFfTfLlhUA	1	FyQqimHjIxqPlbLcwrEgQxZXhwbUlUJZDbiIIpZpLNXQoNtNGGFBHKZOTQZhrhSKCiNckzsCLWisHMpYRgQdmImEftsFDsKEziltVEVimQPMVGKOcYjDWAWRjRjjlSESaIxJHpZeWuwICdyskBCTmepKMERcKvNhWeOMPDKMRpRQgeTpdsEkvEQHPHwOPpxzjLfMNSXGCqnwHOmgmjDVDdyHdwbalAPFchIpMPcaAdmqIFgEjyGImuwNqAtAOSjzveGoVfzkxUKJsvsIaNqwMYYIsesOQoPaOgdubHYDSheC		2025-09-18 18:58:51.367875+03:30	21
3	QqNCXLSIAcrRyjrrCnelcHmNLtoJLoHzRohggZDOiseyDBpRUPUiVkWfsTJDZHlWGQtlCmTDuiXbsewHsYVNbLfRkcDNKvqAAIYmSSoLlxyobMIVgdTxvIVryheUAPEUNzigicpCNjbxSOmulIZuLQCDEucaLxdxXZOOwAcFszcUjXAhgIXVVduLMcWoPwbpmumXpLmrspfMryBhQhloRNrSFpriPpPqDZeAVyIXOYpuLxczhyebfibmaZRHhnL	1	JLGqCbQexwPuvGctGIOPDapPWSshJhepooWPEwRPsSKGjsHsDmRWBWfelEnCXdoqaLVbuCuSqKFarnMraXBsmsRsFGqajnXSYjvHolUFAgEURHGUpVLsdAwJMurwvydUJnuWPXAgNXqJjPprsFquNTJiwXVyJKRRnHlxzXMtdOPfQLumxuHtoyIwPtrmRSOhUpRoMJevJaXmavpEpwNucrWAwiFnfhfzQNACAmMjPuVvDowjCPEEdYpKoJBluKWNpCoGhEkXDPCZxMZiXInHnUEYIiMNjXueOiTegqpOgOOs		2025-09-18 18:58:51.367875+03:30	23
2	fdlvcIefPTDroEVSOhpSfylJjFLpuvDSfycmRDClEBSOSAxjDTfUtWSBBlcffnsCHhnWMRgDjgKZpayotevzQYJUjftiXnsXBfdPjKyKMLTSeAVEfmgkjcVnOollDeHZRXMUjcZkPMbSzaWIzefeBmaAUcJJzUgAKSLPTLvjKhzGDLutDSAhpLpyGmUymfKyOiJkpchKLqFZYvtjvgdUNUzepvBuhIbejIqJPUDZGvXsuXhaYDYpnfpJxINluXj	1	oXOvwbnigSLruhrkzxpHhCZaQGeaoxkhnqjXzzuRvUgVrXXJzDBJlwWGpRLkhpCDFowTfoejJZlNLsUruTrUaRsMaijOlmoYbQqhpVUBvrylJIdyqyvpFknOxtWGWnNVtBspmnszNJHDbhlJhzxHlyEydBfxdaEmjzsayXsQhonOUCqGNYzUWnlxtepozrfEPXVnMRFVKKpsliqiDRdXTktmfMRoEQTdvcJoAZGqyygBJtWlgNfbInYAwlKMOeDHGAqFJACPMivwjEgOmaiWumgNvlrzJQTvxDGefouMftSg		2025-09-18 18:58:51.367875+03:30	22
9	iBSuThiahHTbAiYcnUVYOzrnCHEysgQAYShZGKtSxyJSOfgwHqMutGfeZtfXilmiRpZUcVaJVDMBaDUCGFEwSCHWlLNNFRbsaFlIcMaYmIvJwtToOCQzHSUUydmCKVdqvgZIeYQJGTZFnMSiEbAIzfxHqOkqHFtXYqAsTJAuOKNCzZbtxydzJEmKBDzwNKzfSSlFWJlXkxoiwwbbmSdMxjsTvFRZYPmWCACQpIVUnEgfYAspJdfHswjHnzVgSRb	1	JKoJGTJtnArVBeGzDYprEwZHncReLOSRUYGJumcQLfTofmLOAOcINqehqhwdMiJBTBbyHeAqnaAmeokylGSdhDBhWTBZfHEdbaIDsmXrwKYRPmaBInMYcJAbUoxIxYyLdPKToZApWesJkMkmryOjhMSyWVaOjoOQUrvuxfeOOmIuuUyHAaktiqEOzqxUpOYDhJDgLKROFiQjvFSGwjjquVrlDvCSKTqiTOFeJylNpvFdMAArfeIgnigooyxEoDkBCLMgGJpgfGjKybiXQtcIYGVSNVOgGBAQmSDQXCrcuFqv		2025-09-18 18:58:51.412632+03:30	29
8	vBYBgIacErSjZUjHlJCQhACiGbzrABYIRGqVECkmBQaOcEhsbnzpPPvStvOknfZsOhzlBxZEASkLQfMVsXYxIaKMIyeEIXBaKSZoAImmxpVfZfBUZTnkJVDwcRZQeKJZOddvEJYDRSIyxwDNKKTkhGjYuxNLCyPuGaBnkYqNVJaSrXHMXDLDoTRkVOJXhoFumdqMyKypYyVucExaHloQhnEvhWLSVjmmoyRAqZoMrmZvIflKKiULkehLfJiftLE	1	arBiFcAvKDiLqydhcBNLekUzkBGkKuUfcMTTEAsojrdLHquiRKCUHsxsHYkSbGmamWxoYJRHfiEDXIdDlWpVImsQmZIWUQgVjcdNsdqzQPNVBvZwRBATrVwsoqxoYCoLPhjXiPAhGOpcupuRUyWCbBBnNzgoKoQucHPGXxpdVSkbrMsGYnKJXofNQFnYaXSthFxaTyTpaRLgNzbZQRcMyHNFMAqbIsldJgRebIcyGYvAlOmfzciTrWSqcsxTjSFvfwHjdIJjYmtXDAFbOQBDcHKWcYHHjVajRFSVoIdsoQNz		2025-09-18 18:58:51.407626+03:30	28
16	CpazepEDaJcKtiFRxhlcgaTmiTvyKtWYcKTShEhTUbNISYUsXoltttacvTFxSJRwbWaCCjPtdjwiSnfUTNjZgZjbxEfVLtVGBLmoyQkXAtuABorJsisKvaOmgvRpioKwvySSaKaJfxFHocpulSgdmGyahBCrThWyFQWVCcknpFPxmCYEwLYlKgxrNcRoGgqJjeIMqgEiyQmlWRdwsBjmELvpvlHRdRzsBTlVoaKMaagNwzwjewynJZJlNaYRAvE	1	xNtmhmUlRiEWJbulvDqlmtnqPecdnpIFXoHyjeSnHCBjayakThMEVrNzGKLAbgdUEcVeaEPaqrvREflxtVaHDQLisujjBQVjXLkQIjBlFUHgFkKaGboDuRpFczpRbfjKqkvwiDJhJlPgCIJxJaRipNxbHRiJoUrBADFSYbuYIcBMrPRlmsEOFmHEWTQvccynQjmFfnoKbNPRqaHcSXdnkmFaKsvafClhXMCtAseXfrFMwDtsfWgYmxGVhCKfSxyRVBNtEmHzcZgfdSGVnxzBbgEnagYODHFJULdwJbHcfoul		2025-09-18 18:58:51.445505+03:30	36
13	xvhxrVPcySZoFiyCmVNNePPLhVofAhNAHbkUAnkviSovfkudyvYWPoRDzjLjQyjqpQmKsSOduEHRCGdbUKMIIvelfmnbNtnxBVVHKmsIhWTbbbAGYRCsyvdsOEloFVgygHBnBczJpQUFSqMZHHCLMKacZjcBKUBEgrUUASrwcXJqvnxNQqzqnmlEOxYYCjlUmHiPcvpuXvvmdlzMMpDMgNGgtaqYLLdUnlKovMcrzepSFtahopWnzXzEOrzaYZF	1	OwhKpRaFUduZzorpwqsfBgTkFgLRUFfLmfEBZppbegTFgtRvBGjYTADTCHURvHLXlAQfGKpTwvbJMmtAuLXfUPNJTZOYRGaKnPOyXGXKaQIzIOsjmSMrAeFJeSgFQblOgNmpNdkMWaUGigjHtcaSgvmdRWlplSvmTCESHawPJMHQBUlMpIrVKzMpIelrbWSuBAjAMDiTBooDDxuPEmIFfNcpXADIcZhsXLItTxsBsKeeBnXSAPsvxHoimNDcDGDqHnYMpnuLxQECzcfsClaUiDWQZIuxdPEghRpqaYOFriiP		2025-09-18 18:58:51.429472+03:30	33
18	nlDBLchykbSsadZejLZDWkGhclFbCJZceoHESYElBrTcAOaFBGIMUGiSlkzudnuzTQGXPmbLpsRRsXODyIdgmgiCTnBNyooIsjZBMEYtsghBRscEXXLaZzHIJlgVauLNfvYhuPFcObxTdcnMlWoyqLtfZaNndpmJEqJCnVISNBwSWFfyVwxKcUYMFytpVFfPZYysqXYyEaUILrnqyKynEHLWeHeZENHpXatUomSFhUpaIMGvnSpZPILLGBBgqlI	1	DbFLJLMUlndPbuDvTRcAvIfXVsDpuYlgPVGXrPCIEdVYTLHQhQvGnFzDxsojhlIsInnpJxrzDCaCkoOISdQRIrJgGCdQTAGwIsynNeMOLTXVbhmRUIwbAwHYzPKBpLHtEAaAbClFKFVnOsCkOpOEQmdXaJWXvxDemOAilKtMmXHrjGttblFlLEebHGMUCXYpLNXKzQpOZwmXEWFBYoiBRVKcnvShDUTStBIXQWsHmOKKKNZIaJYlmNgwlyQkVlrWyhCSLlFOFtTUaqUjucGqZXvQGeGDNyLQpzIgQUIzbLJR		2025-09-18 18:58:51.445505+03:30	38
5	qmaZECXjrScxTNavxRLQsHveFTrqdBbKgrnSIqNqaHubnrwLqVOlWczlRxpnNIdBpmRRXmmbMpxInJfCnqcbcqtsMIHwByjLmNspJbBoEOecTOnMSLTVyzMsbiDZSxzuXZtoPYhWEGaxNZkUwWfofMWQLcNhEitLCUQYtbAzJIihtRbOsHvWBqeEsHeugvUVlxRPItXoSbThthQSJqrpychqPxmUosiiEIZWdSnbrUvKAGjLZdGHrmosPdZgIih	1	HosfsEJuInnEkKCmiBawoIJSmNppcQoSOLfJuwwrogbeyhqxYwHsonRmxvwzIajYKOceKpBfsXmGCkbAxzROKjNaDZzmvKHEfEKMelgilXXVTDuIyVmTbGOiaDOCGIyOwoKvInfDUTSTqINUPenTyGxbqOYySTUluOOiFrKqTbaOZeEMxyTvCoYFrvgHwlIrGGKHgdqWHfKXCWpzZlhXwSrmZAxhlFGIZDjKFeJQUgSZJgmrcFOJTGsGQiBHMALFqiBvizTikQuibFXyuTenPXaLlUnghmrAptuhvAWmUprw		2025-09-18 18:58:51.383521+03:30	25
15	pifWgFpojruLwkWDGLOCFRtcbeFFmyzHIwsOQnOKKZKtkfMgmxlzybyZujGPKBfntrxDLKWXPeLkZmWhhPHkZCDKDoMwDbBiwgISMyrzhqUEYVYkoxDuXfVTpXGnokRixzvkvZrsgssMnPCXkhCjgyeiPtNMBrlyitXzXmiJiOsQKGoeouXatExkvyToSdlvJTbXEqzmWIGdsYnBqRuFAsGXICnNCVCRGvgmlzwwyKnAQMOrlPdArWcbiwcxJNt	1	SLVKuLlPSBFzCxjcaiAFczVLuNezfGEbtzMgYxQvahysrltMGwvIFzPoswdyGepLwXVPRowHgjnkGechMwgYFoButSoTGFILJQzeIulItWjjLeZpKQsDfbMiQCEckBKHrFwypwcEcBbGvxvlEMvuilyKoXXKKXyswjDTruutcvoIenDrEczDMeJINfcXqrQGZxYssuiJtjNBKzGpOORLpqpCPSipYWPaUJLFfoxSVRTwsZTbombOgIZNqQRTdwuFAPcXpWWiUbKiRJSFPXSIjXlAtrnGbhiKbGfERPoKYWlK		2025-09-18 18:58:51.429472+03:30	35
20	IrToVLqPYvunIqynedMOHbLtTsBZfbCbvYrcKNswMYCFEOBGLrISVoTUbpKppxPdYinkjcEfrztmshEwRsXDLrbPsMzmYJcFngXhrlrULfnMpLAAOjraVYkREKbntZASVdWtAdXQEIvsRwOBnskaPXPPIFcwQekCJGsbqnsQHUEQEjHfRBxqOvtDpnlLFBWrXCBviKqZVOspNZCSazcwWoPVZQLooBnGMOPtLGuzfQfHFdyZEDHRuLisoSombIG	1	bJkLYSpsyxIGQtbnnDaCOCTkRqWgunXUvIPWNbrkZmrmZcfuuLknNkDaRKStNPVlkjMQNkJHDNYhODGDPiubbCuPrSZPHCipyDjaMvnoStUtjovZYXvVuJNgXyvFQMCHUyCOCtNBVBWsPFTXmGkYYdmJsZONJaUInKSlOTptSdBHtpLTLZCtlmbogdpFkCjxOkPLhicHFBNDmbouxuzLChthHuLOaNrNrKWnmbdozIYiOFNWMkJNrmczNgaYXtqNFzSwfGRZuGKLronkFnjhYTQsGoAiLOYTOXTtrzPdIpva		2025-09-18 18:58:51.461361+03:30	40
17	lesson1	1	QFlBoeKBfWwSPgoJTHZtTOmVAOhrnXrXzWQTmqxYvqheXFfjbBUMLFWvdDjofWesVovNjOXBxXKGoKdKEsyTQxyvZcKbpJoZglyDmckbyliWHjOVPvkYlNvRpwXjVNNSHhfyMMaOxWhdGURuzMkbrmnncoIhhzfNOpdKfLEVClJKGUiPXtVvbrOfpqFNRqoidwbQAKCUwcPkNHEzmknJcjSYamtHwlEiWMHISwtrNFsKFrvDoGFaquzUOjMgbSliWQLdFsQdmxcdMDVGVEIwHdbCGhmgXibjqBgHiOLHsXGT		2025-09-18 18:58:51.445505+03:30	64
41	l1	1	l11		2025-09-23 16:14:25.326381+03:30	101
42	l2	2	l2		2025-09-23 16:15:19.078616+03:30	101
44	test	3	testing	course/lesson/videos/test.mp4	2025-10-07 17:26:13.578603+03:30	101
\.


--
-- Data for Name: course_progress; Type: TABLE DATA; Schema: public; Owner: faran
--

COPY public.course_progress (id, is_completed, completed_at, enrollment_id, lesson_id) FROM stdin;
1	f	\N	21	21
2	f	\N	22	22
3	f	\N	23	23
4	f	\N	24	24
5	f	\N	25	25
6	f	\N	26	26
7	f	\N	27	27
8	f	\N	28	28
9	f	\N	29	29
10	f	\N	30	30
11	f	\N	31	31
12	f	\N	32	32
13	f	\N	33	33
14	f	\N	34	34
15	f	\N	35	35
16	f	\N	36	36
17	f	\N	37	37
19	t	\N	39	39
18	t	\N	38	38
20	t	2025-09-19 11:20:02+03:30	40	17
21	f	\N	45	22
24	f	\N	45	23
\.


--
-- Data for Name: debug_toolbar_historyentry; Type: TABLE DATA; Schema: public; Owner: faran
--

COPY public.debug_toolbar_historyentry (request_id, data, created_at) FROM stdin;
\.


--
-- Data for Name: django_admin_log; Type: TABLE DATA; Schema: public; Owner: faran
--

COPY public.django_admin_log (id, action_time, object_id, object_repr, action_flag, change_message, content_type_id, user_id) FROM stdin;
1	2025-09-19 10:03:31.959815+03:30	199	jPjGFFWhhnMRxWpugGExPKWmOjHyVDyaCUPAGdIDeEUnpccmxQcIEvKPlHaDiOGTwnmguUEdxeyIPoaOfWTuQpESVVOwqHmXQAponogrLJqeRMWMlBbFOGDMPaAECXvJeKsjScDPmZiqIBFTmRIJvh	2	[{"changed": {"fields": ["password"]}}]	7	201
2	2025-09-19 10:04:09.974384+03:30	199	Faran	2	[{"changed": {"fields": ["Username", "First name", "Last name", "Email"]}}]	7	201
3	2025-09-19 10:04:51.656519+03:30	199	F 22	2	[{"changed": {"fields": ["Role", "Profile image", "Bio"]}}]	8	201
4	2025-09-19 10:05:22.836068+03:30	198	GPnYHiBWKkjBruFcRilwBZCjaTixQwrPVrZSKKPRLUbYHzybCClXTlgrhZSaTrNzLMaVNmVZzaNbeDNzMIBZLtTqmAxfNbbDbYOjDUiRIakkxjlXsEESnYmAAXWIkUmEXlcZVCBFpbZLDwZjTuBbmE	2	[{"changed": {"fields": ["password"]}}]	7	201
5	2025-09-19 10:05:47.3801+03:30	198	Student1	2	[{"changed": {"fields": ["Username", "First name", "Last name", "Email"]}}]	7	201
6	2025-09-19 10:06:06.449613+03:30	198	Student 1	2	[{"changed": {"fields": ["Profile image", "Bio"]}}]	8	201
7	2025-09-19 10:12:06.296819+03:30	34	Learnin1	2	[{"changed": {"fields": ["Title", "Slug"]}}]	9	201
8	2025-09-19 10:12:20.163912+03:30	34	A-Learnin1	2	[{"changed": {"fields": ["Title"]}}]	9	201
9	2025-09-19 10:12:39.566216+03:30	93	A-Learning2	2	[{"changed": {"fields": ["Title", "Slug"]}}]	9	201
10	2025-09-19 10:13:36.222715+03:30	34	A-Learning1	2	[{"changed": {"fields": ["Title"]}}]	9	201
11	2025-09-19 10:13:51.644616+03:30	20	aoXxgalmLaZUdMKoZEpgJvpIViNpFfWEdUYzUvFDKqvgVuRuyxktmUZyclRfjnBcFbACXwwveuIcvjQBlgqAmSLeGJetUUMbmgkUIBzddKsfrMSmFYyhtJdVcBnMNeteyWXHuFCJGseTxxjfflhCHhZRvJsSJVQUzRHvAAoqNyuGUVAYTIJtDgBxatCMWExhaabzJWOw	3		9	201
12	2025-09-19 10:45:38.969642+03:30	64	A1	2	[{"changed": {"fields": ["Title"]}}]	10	201
13	2025-09-19 10:45:47.096212+03:30	53	A2	2	[{"changed": {"fields": ["Title"]}}]	10	201
14	2025-09-19 10:45:53.054856+03:30	53	A2	2	[{"changed": {"fields": ["Is published"]}}]	10	201
15	2025-09-19 10:46:46.536556+03:30	64	A1	2	[{"changed": {"fields": ["Instructor"]}}]	10	201
16	2025-09-19 10:46:53.178725+03:30	53	A2	2	[{"changed": {"fields": ["Instructor"]}}]	10	201
17	2025-09-19 10:54:31.166687+03:30	56	A3	2	[{"changed": {"fields": ["Title", "Instructor", "Thumbnail", "Is published"]}}]	10	201
18	2025-09-19 11:12:13.725254+03:30	17	lesson1	2	[{"changed": {"fields": ["Title", "Course"]}}]	12	201
19	2025-09-19 11:16:39.609045+03:30	40	Enrollment object (40)	2	[{"changed": {"fields": ["Is active"]}}]	11	201
20	2025-09-19 11:17:17.902067+03:30	41	Enrollment object (41)	1	[{"added": {}}]	11	201
21	2025-09-19 11:18:56.614861+03:30	20	Progress object (20)	2	[{"changed": {"fields": ["Is completed"]}}]	13	201
22	2025-09-19 11:18:56.617868+03:30	19	Progress object (19)	2	[{"changed": {"fields": ["Is completed"]}}]	13	201
23	2025-09-19 11:18:56.619903+03:30	18	Progress object (18)	2	[{"changed": {"fields": ["Is completed"]}}]	13	201
24	2025-09-19 11:20:03.641249+03:30	20	Progress object (20)	2	[{"changed": {"fields": ["Lesson", "Completed at"]}}]	13	201
25	2025-09-19 11:49:45.914671+03:30	21	Review object (21)	1	[{"added": {}}]	14	201
26	2025-09-19 11:53:53.080055+03:30	20	Notification object (20)	2	[{"changed": {"fields": ["Is read"]}}]	15	201
27	2025-09-19 11:53:53.08402+03:30	19	Notification object (19)	2	[{"changed": {"fields": ["Is read"]}}]	15	201
28	2025-09-22 14:40:40.566627+03:30	201	 	1	[{"added": {}}]	8	201
\.


--
-- Data for Name: django_content_type; Type: TABLE DATA; Schema: public; Owner: faran
--

COPY public.django_content_type (id, app_label, model) FROM stdin;
1	admin	logentry
2	auth	permission
3	auth	group
4	contenttypes	contenttype
5	sessions	session
6	debug_toolbar	historyentry
7	core	user
8	core	profile
9	course	category
10	course	course
11	course	enrollment
12	course	lesson
13	course	progress
14	review	review
15	notification	notification
\.


--
-- Data for Name: django_migrations; Type: TABLE DATA; Schema: public; Owner: faran
--

COPY public.django_migrations (id, app, name, applied) FROM stdin;
1	contenttypes	0001_initial	2025-09-18 18:57:37.119179+03:30
2	contenttypes	0002_remove_content_type_name	2025-09-18 18:57:37.129155+03:30
3	auth	0001_initial	2025-09-18 18:57:37.186408+03:30
4	auth	0002_alter_permission_name_max_length	2025-09-18 18:57:37.186408+03:30
5	auth	0003_alter_user_email_max_length	2025-09-18 18:57:37.197695+03:30
6	auth	0004_alter_user_username_opts	2025-09-18 18:57:37.204231+03:30
7	auth	0005_alter_user_last_login_null	2025-09-18 18:57:37.211013+03:30
8	auth	0006_require_contenttypes_0002	2025-09-18 18:57:37.213733+03:30
9	auth	0007_alter_validators_add_error_messages	2025-09-18 18:57:37.218893+03:30
10	auth	0008_alter_user_username_max_length	2025-09-18 18:57:37.225464+03:30
11	auth	0009_alter_user_last_name_max_length	2025-09-18 18:57:37.230518+03:30
12	auth	0010_alter_group_name_max_length	2025-09-18 18:57:37.238628+03:30
13	auth	0011_update_proxy_permissions	2025-09-18 18:57:37.243957+03:30
14	auth	0012_alter_user_first_name_max_length	2025-09-18 18:57:37.248898+03:30
15	core	0001_initial	2025-09-18 18:57:37.330302+03:30
16	admin	0001_initial	2025-09-18 18:57:37.361824+03:30
17	admin	0002_logentry_remove_auto_add	2025-09-18 18:57:37.368828+03:30
18	admin	0003_logentry_add_action_flag_choices	2025-09-18 18:57:37.377933+03:30
19	course	0001_initial	2025-09-18 18:57:37.486711+03:30
20	debug_toolbar	0001_initial	2025-09-18 18:57:37.505114+03:30
21	notification	0001_initial	2025-09-18 18:57:37.537605+03:30
22	review	0001_initial	2025-09-18 18:57:37.568219+03:30
23	sessions	0001_initial	2025-09-18 18:57:37.585776+03:30
24	review	0002_remove_review_unique_review_per_object_and_more	2025-09-22 12:29:52.905812+03:30
25	course	0002_alter_lesson_course_alter_lesson_video_file	2025-10-07 17:17:32.081477+03:30
26	course	0003_alter_lesson_video_file	2025-10-07 17:49:18.952159+03:30
\.


--
-- Data for Name: django_session; Type: TABLE DATA; Schema: public; Owner: faran
--

COPY public.django_session (session_key, session_data, expire_date) FROM stdin;
gime0ztcv909jso9ztmrn7tdvng6juag	.eJxVjDsOwjAQBe_iGln2gj9LSZ8zWLv2hgRQIsVJhbg7jpQC2pl5760SbeuQtipLGou6KjBWnX4pU37KtKvyoOk-6zxP6zKy3hN92Kq7ucjrdrR_BwPVoa2RJV5iQS_OG4Tgkci4jBKE-8xiwTp3Bo-WHSBjYwA25AZjT9arzxcj6zfq:1uzGhL:mWktQIhm--S84mPN7WQ7VgFDMUjwg-Ht187BE6j-rzU	2025-10-02 19:07:27.5945+03:30
kxd2pbssif3apetg2165h2446lqqfx2v	.eJxVjDsOwjAQBe_iGln2gj9LSZ8zWLv2hgRQIsVJhbg7jpQC2pl5760SbeuQtipLGou6KjBWnX4pU37KtKvyoOk-6zxP6zKy3hN92Kq7ucjrdrR_BwPVoa2RJV5iQS_OG4Tgkci4jBKE-8xiwTp3Bo-WHSBjYwA25AZjT9arzxcj6zfq:1uzH1T:c1hDxypQDO-9z3d_zMvpE67tLjanu_5403DiKPy625Q	2025-10-02 19:28:15.060026+03:30
r70sc5ebrluaos2jmld9xcnzgy1zvq8f	.eJxVjDsOwjAQBe_iGln2gj9LSZ8zWLv2hgRQIsVJhbg7jpQC2pl5760SbeuQtipLGou6KjBWnX4pU37KtKvyoOk-6zxP6zKy3hN92Kq7ucjrdrR_BwPVoa2RJV5iQS_OG4Tgkci4jBKE-8xiwTp3Bo-WHSBjYwA25AZjT9arzxcj6zfq:1uzH1U:XTuvKH3EoL9g3CXzcyopah3VQZMii5MJLQZlP5L2kT8	2025-10-02 19:28:16.92881+03:30
w6d2roxtak5b5eohvvf6bg48y7wnbx93	.eJxVjDsOwjAQBe_iGln2gj9LSZ8zWLv2hgRQIsVJhbg7jpQC2pl5760SbeuQtipLGou6KjBWnX4pU37KtKvyoOk-6zxP6zKy3hN92Kq7ucjrdrR_BwPVoa2RJV5iQS_OG4Tgkci4jBKE-8xiwTp3Bo-WHSBjYwA25AZjT9arzxcj6zfq:1uzUiI:3hx6nEW0Ykpct2CJov93dbfL-Ofbfa_2dSO18nmkoXQ	2025-10-03 10:05:22.844845+03:30
fz10ttwtciegmefheea58dphwzy5lwjr	.eJxVjDsOwjAQBe_iGln2gj9LSZ8zWLv2hgRQIsVJhbg7jpQC2pl5760SbeuQtipLGou6KjBWnX4pU37KtKvyoOk-6zxP6zKy3hN92Kq7ucjrdrR_BwPVoa2RJV5iQS_OG4Tgkci4jBKE-8xiwTp3Bo-WHSBjYwA25AZjT9arzxcj6zfq:1v0eQs:a9WDkECN8OgPczraI1-CBG4JA039cM63NJCcOcT8xPM	2025-10-06 14:40:10.114873+03:30
xrb2g0v71uh9fg7qtvbt56o9ib891hfn	.eJxVjMsOgjAQAP-lZ9PA9kHr0Tvf0Ox2t4KaklA4Gf_dkHDQ68xk3irhvk1pb7KmmdVVQefU5ZcS5qfUQ_ED633ReanbOpM-En3apseF5XU727_BhG06xswudiKGImSWgMU4GlxvoDiAGGgo1nY-O7aCASiY3kcL7K3H0mdSny8zcTg9:1v0zdt:UR2cEti1PzSbF3kavlt22zGwb7ygTmO1k3JHDEfhtoY	2025-10-07 13:19:01.49294+03:30
s2ia9l4nhn6ce4aqr5c99n0rnjeiokf5	.eJxVjMsOgjAQAP-lZ9PA9kHr0Tvf0Ox2t4KaklA4Gf_dkHDQ68xk3irhvk1pb7KmmdVVQefU5ZcS5qfUQ_ED633ReanbOpM-En3apseF5XU727_BhG06xswudiKGImSWgMU4GlxvoDiAGGgo1nY-O7aCASiY3kcL7K3H0mdSny8zcTg9:1v68jc:Cnc9YS1nW1jxBM49Pz8-e_pVZX9W0RdRk_ng08X--P0	2025-10-21 18:02:12.353258+03:30
\.


--
-- Data for Name: notification_notification; Type: TABLE DATA; Schema: public; Owner: faran
--

COPY public.notification_notification (id, object_id, message, is_read, created_at, content_type_id, recipient_id) FROM stdin;
1	716873248	ZPnYyZqyOPaaZIqYyJCRRyCtphArFAZyIuUakhlEaPvxfAWOGjLEGphFTEHjrkitAyutbfpSNpkDnmEBymNFmppIwdVIOLDShOFoThLsPDXBWTOLAlYSHEimwGQJYaiyqzPiJszYjNZIqDvipNfNKxmLVkEAAdyTLLeXHhtfoAUNhwbioYOlbbeIcekbGcSTeeZHtbDUNvqockdePtqLDYKOTBnsQFIWprDoGKJQaSNhuiVcHwwEKGCqaVtIHiZOzwTaqvAHSPpEYYeiHDKSCGnaPvboFFxvQleQqZzqLRVw	f	2025-09-18 18:58:51.943364+03:30	3	181
2	494988361	inDcqxFsGQwlldQMsDbXrqQMqhCRrsBedtPlspsBDIphLXpPJMTsoHkGwlMIhKUxzWMmhZKujKGFmkOBoSQVNkQtwYeDBWOfnfVNAtdMJRCVthwbFsOWEFScvFOdlTgyzlZNhymjExVWWvICWHHOIVriNDnAjAVTKUbSMcfkPRXdSjqvTEPTlgrPXxPJBcplZcZODQnubFJZKlbCawgbdvUqKXAMoxVxdBgqvhtCeahMRCvjnjghlMtDgrXPTKyfjcKnEIjzxtGCxhpGIUQKPNtNiKXOBDxgeWSEPzGZhast	f	2025-09-18 18:58:51.950039+03:30	4	182
3	1874915137	fBOsugerMZyyoNTAuNEoKsyKDnxHeBDxTNaAOLmMLfJeisKyFSBxZgMIIFtohWjCrQhAbruHtjQpRxvHVcqjemmwsquccVOoxcKVxMyIbQnGofvPCtswaFhgIAJKQoMiYsGwklUbnRThIuKuUcDBpqLHBChyugrBYBZWGBHrcpTgcHZjRCkAgjBJbULCVTlgzPlVjafTomqDvTYZDGmivzhyapuxwDoiMwZzggfUKkVvdwkOPfwjotOjRfyKSoKEAgHVJbNHOzoqLXbpxByKQsuDptrdbUFNbYSeuQIlvoZk	f	2025-09-18 18:58:51.953076+03:30	9	183
4	1194329787	EvXTfQQZoQTNLEiGiHoeQVBDxHiuOUCDrVTuKyGfUSkVEHYiZLvHbbsheuGKLOlVKuubpoeGmAfpNPbUJopTqleTQkqMLYRtbjsnbhjQkZkIYaJifmIVGqjyihoYcTdyULiDgkbSYmxOJqGkbFgIeGzBaZgxYgtsXmONqesRzxIBUPbHstsbMGIWknCNIKLloyIwSZhGDcwbwplRrzFHPodGyuCisDHercDsykaMyADFaNmIjTacROIhmKwXNiecdTFOEMNCOWZsWTubClYoSOzeJaDvDuiBPpEJiPNpsSfJ	f	2025-09-18 18:58:51.956075+03:30	8	184
5	1996248290	PhtGBQOsHQJIgblQDyafzRlthATWDIIUsCIdstHNoYnnYIIPIMGsXtJWgvZCjcQTKPHvvcEdEzmCRZsDiOiFXFBFHeQBXNTjMStyliSWZPoEFoIsAdtqirxXncVnFkTzXClPNGkbhnKykbjgZxHEeunYATWyJYZYrThDEZRlWhAwFUCjEfLBGpBYtfENHYBUnJWxhpqmphyhRidltXcgHPMQixuiEzHFkcoxibFZoyWUcnadlLBhaiBFAHXWZjFkbTzclgYLRCefMTKolIVTQWLAseLDYXRgriQmZQgAAllm	f	2025-09-18 18:58:51.959041+03:30	4	185
6	369350372	RAtGdaSPbsWAxGyQteZnkjRqqONkgzJRvzNmWnFFiYjMDqDxcpoMMnhxvmqLpgicAlWWtaAsiBdgbSHtmYfmIykWXXPioSNbPxktpiQEmQKhRlbAXukgwHXeuOKSUHHwUpONKzuKkwwNJVcaSvbOmVqbEUPNUvSKJrmTvtcvOqCmcjuOxNPSHPFnqNUcCvmtWafquzFITfsaOfcyrVphDqBFJYImkLJgglFzAYRuWbHUzzEMSViNwLzoWJyKbXnifKwBkDhbuFpkRRwPcEsebGPOfZBgJRFvkxssHtrDsFiY	f	2025-09-18 18:58:51.962176+03:30	2	186
7	1424021454	UZfMdIimMxovpTiqqTZSEtxkziepKBzRbmcKMlVkbIcsQfbGsfkFeDErRjMcrMdVQQvLjfKkersbSkVXGuulHAxPFpXRuxOHSylafxuhKbxEkVnVfxiSpwsLdIxAXolhaTtxnwXeJrHuFaqYXCLhugExGXVnZDDzROsjzavSCHcBWMSRoynwormNykOOCZIkCAvLdKQRRTLMLGdPuxTyxhyQRWpBPsDiKWhMwUhcLHOTBYilBhCcxjwoJsWgbWaWozwMYtNaEuMHrUOAkhQyVkqhJtohQZmhxjdtBXPbpiJj	f	2025-09-18 18:58:51.966177+03:30	4	187
8	487835064	zsTEXPOTIaymlpqRdMAIpRmAEbUqztzFYMhVWQiECidPIPyagLIgEYDtgHzsnxOvzasnhImARcNDmnBwsnWsTFCCHWZBWDiIYGvXckfDRvryPqyUwfcFgPDwPWvjaqouRPbWQvyPQGBEZqJwTVCDXMfthYNiDqlHokAFRdewTKHOieyJKoWCydqaKXSVYvlrIlUsbtAqXhYmtITECsnxLCYdjlTQrrykZtrxYzIktMjuSmOvjTOZmgimqnFFkFtVdiauduKczWFaWljhgwXDtiIHFCxkmtCUjdqPpVYHIwUP	f	2025-09-18 18:58:51.968176+03:30	7	188
9	1151723369	CtYojvaPqOjawynLGEYIAQAHzZxQoIqdtfqJoZwSesDhbqRwywYlszPCuvDvGNgWyNQnJfgfSjHpwUGsYjNfpdGXAvLEISEHjFlEywmgBORJtWTpfBAfRNWZGOdElxPpcoQEvihuQkymKKVViDjdNBftiMxAqoSYdvHpnBlkJegzFlUikVhvOfEuqZslxvxCBrKnEwZnHXRdnlDXAsbeHIJUxtxgHGbTYJItCEJdCisBAmRxbwageNTpPAaVJOcXRImelwlSxIbFodWnhsFcTjkLLNGgjfWwBKezIuaGdyBr	f	2025-09-18 18:58:51.971215+03:30	3	189
10	1165351163	PBovqasJfvlHHsmyBOPbbXgfIaMmLoZjpQXziNfiCWsClSnoVBgdchSPkEZllfDkGApEdFWShKlojChSTOCgYqKCbHlwJEfJijOAbGhgGbjzlvInfxaGCcZkmGCnsXwMyHmnsbAcYsxYfLQVDfoeCilSHqxFGOIOMKfadFzBwCbEcllqEwaLvMgpgNndJfCcrEsfIVpOIcvByKlYApieLpDmYQRKwsyXGXCedKsjioLLNgbezPFxpAmBOtspRNBEXOSHodcIxITPawcZIKPjuQKZggNipKWrvagBnzXNqwrY	f	2025-09-18 18:58:51.974218+03:30	8	190
11	569042719	JJYzjgwraWLjgQxJKlqKmLnmvusdRHNJBuJYXLKsmHKIKPKQUmvaOPwvHnnWcyzKYpcPuOHORbQsHKctjIqnHpAGMcljDasmpsPdpVEylTXQiuAjDiRqNrsFrZIrtoNBNJRNMpsnNfatCyRGjFYgFHoUpOjBSnRlIqWuwZpfdZwGohlqklhIbjSXcbmqxkbphAINdJuvKwElmYItNhFWoPlGCuVPwAVbMGxEeKsiKOyZgDzNOjUItlczqoqsVhkECoKxszjfIScMxACpRblssxLoADsNtqwRQOGMIplUerMm	f	2025-09-18 18:58:51.975225+03:30	11	191
12	1782513955	ojeWBehbmeICgcZnpsFEZyZkuQOfJLeRInVrxeALOfhjKaNwazYjMIQvjZQBwdUHtjrpbPtpVYYepqnkXQGBKPhaFKuCuXmTeQxwCKoJqzZRBfsDPQsgJkAeIIWCGsuQlqzKBiynChzjYMTGpWGytjZVyAcnnEJCeuDBJVmZAPscueMWtXZxuKFVfrwIKqTOwvQFGvJAXlztjiWNYIqKfbJyIyoeQMjpqOXxlgSfAkEhJxLkNIXJBVnrBdSDHYlWSrTlGLHwlOESbLuEVxzDbrpYnpSaCDnKNyAyZfdydnfK	f	2025-09-18 18:58:51.975225+03:30	13	192
13	1928617884	jkFxLWIKRycBywKdarbMATorMaCVQSRDFFWzdkfuQBoeyMFriJAySLZcOxuCktJPCuaxvrdbSfexRQtaysmIvNvPsZIeoFIzZCdwcdnoybeEGOHPWfkzsmXgsLHVAdPhIyIwJmnBaTTojBhhYcmSFRxlqbzoxyKjpUiaUBPhIraSMxmgvgvuiHDSSfHFCxanhFlqIqDmWWsSfPagsimDhbcEuwPkDuwIdLuLNWbfcHczbZvvSfVKuTbwzileyqTTbGPStWNAcQUQwgbzlznQWCaCMskdoXUnspdAhfiEcBGu	f	2025-09-18 18:58:51.975225+03:30	11	193
14	1982596485	DpmCeWLKxWxAZYfjZFmvOMhadXzDaOTVKfggOVZLZulHMWtncTDNRRwslEBJewtKONIFtIFfIvuKbbZaFXtJjeFhKJyhUbdECmpyPkpMvpUpoZVirdwZTlYRdHIsPNAhmzUZYhLtKCVKwHrYNsgJXuAIlphHdHsfWsKlbYrfOJkUcebnQOjkqVmQekHRQowTmwqfjpxSaJbfOpubrtdhGeNNzZLxfjRKxRDEOoLSfrrvpVsSCGhjLGEdinZZYTnaZitvvAIqsAVmpMlbASHOgPvhpQNjCzqbGtLtQCKiOTpV	f	2025-09-18 18:58:51.975225+03:30	15	194
15	411772736	uRKPRiFDUPKTPfGzPmqnfQiweyKfJuTgAdysoylzpuxPtrOGhblblVgXoNJnRoXiBvkvkaSlRCMsKlpueBGoDWczjeCZCQvPYLsBAQlDqXnYMTTTiABPCJnsOMEqtfGlxqrfGntuzIyUtVfmBDLzqCkNNBUEvTTzzHIFBHowYcPGBxHqKpVMNcsvJdqEtssWWziwtQcddtBCVvHWyWpPBSYuFmkrVDcpsqiVFNYqMjGTCnzdJJJgkrKQhJXbbOYhGjzbZhsBXqYEeFBTpUtQzCCyoNITXbNgOKvebVAuSasu	f	2025-09-18 18:58:51.975225+03:30	10	195
16	829403324	zUDucnuvDcOYUsxFUqOtAWnIMgiAjXcAGhkvaIgclTvBCrHmdqUghgbMgCOUFAszrtWbDvyNRZKYuIITYQKLazjZENQUpdkkxHskfSmOqMiaOAFQNQyeFkuvQfPcHWDdLFMDBgHaCBcUvjhkLCboThBtylaoFTlZBPycqNmNvYWvDopvKFKOzCGWPdwzWpziWPfniDEaAHbEYVJhIdhEnuKgIGdzthFHAVkqROfCtlLiwBHGnhXJuitDAChGxTdTsaEtdYzyCVPgXPItREpmhXfmphBWAcsZIoQGyxJiwdDf	f	2025-09-18 18:58:51.99095+03:30	11	196
17	2143633158	bFSRddSKaOWCtlVbwVcsQsgMGPUCRYHWSNWyOeAgDcwxgIPmFTEIIpitDdTDaaYsAdSVaLfKWkxVkAzmUxGyRxmvCSoTciiIJLIkWytSlnfrmyQhHaWDwxKnKMlGyUgrXbKMHMZaeoAYSLZDyutBPbVjtkxYXoQqLpGFlngRDJcePVpoHBrxtOMaiJFsGEygAeuASFEeoyVJJPOKShPFUIpFqWJOUAWfElednDSbvWuRusAmkesIGKrhjgaOkGppdpLcYWAGmFXZoTnKVHqGvIadlJXnCziQChNDHCRloXKW	f	2025-09-18 18:58:51.99095+03:30	10	197
18	1202074318	LYvzAziazBeUvMNDxYDNLOzrwpJNpKjmIMvkhZcBeBNiqrtDMRELvNMIGFvGzYfYWbYJaGYQHtTueSZbVvRbsilqIjHYhcqVROxmLDeyrnrKosKFGLeiugOcxjYwgaRwEPREEKyFoaRKipqWTXEoAUidpprAYNogcOtjXKwrNSDfSAStpKLDTEFZefLVjJKFlsWfFBuzVoquWDTdVXHhxdGqCkmzBRydbNgRLLlyehpnKvfBEslQMkEfPGamWDrHJfdbTzZFQdkAwygiWudxuypnecLQWElRwaemksqguUDr	f	2025-09-18 18:58:51.99095+03:30	11	198
20	1100063188	IfyByHVHTVKLpixQzrvKAyYtWulHFtpuxboKelUpUbtTwXiOVYmquFWDwytzKmGsZxUQFRjjIgaSwwoktUPbluuDsUqCwDUUnavFeFSxsXqogbgQWjGLbzkNVirEomFMxQalVJbzyOSYTruEhnkxkevGfZvfzLtATdVBfvGKIzBVMuISiMuAgWSxVVXsUqqNKYtdLNwDmemHInjMyKieXTRbsXlZhwOysXRcdUYVAmtbQLvaBPawYERHJbxykDKogvkKaJkxbTwYZgaSWpvqAcWdfeHqRkHiqHhuPYmuHPHc	t	2025-09-18 18:58:51.99095+03:30	3	200
19	1933463583	SRllPpJtQiTNQbArnViZqJVyCIRCVbqXvDMqqMUDStlQFbUjwCWInhyCsSQDlhWDZMGecIfGyOxMekNhffFVIxSAsEdraaoaTEfPniONhOScdicdTltcLBPAeMOORPHLVvxQxNkcIORtdxtXFGSotvHkTQsdvhHTqWqrfdOAEiLzneFRcctFzdnWAaSTmbiFyFpImdYLShBbINXLbesMJhDHLOrpYpCWkUkJfdVjhYjXtXVxKzIuQDPhZGPRoSzcdTMGEcFpGrDfrGhDFhotPWuwPPhdnwejLYHGYgdPFlzc	t	2025-09-18 18:58:51.99095+03:30	10	199
22	45	t1	f	2025-09-26 15:42:58.393918+03:30	11	210
23	45	t2	f	2025-09-26 16:23:01.772027+03:30	11	210
\.


--
-- Data for Name: review_review; Type: TABLE DATA; Schema: public; Owner: faran
--

COPY public.review_review (id, object_id, rating, comment, created_at, reviewer_id, content_type_id) FROM stdin;
4	1411678987	-1965854258		2025-09-18 18:58:51.885195+03:30	164	10
14	737445872	1237375344		2025-09-18 18:58:51.922873+03:30	174	10
12	1930520083	128878115		2025-09-18 18:58:51.917378+03:30	172	10
2	869214035	-1503497020		2025-09-18 18:58:51.88046+03:30	162	10
6	1816628081	-218406120		2025-09-18 18:58:51.890799+03:30	166	10
20	1493621058	-942670451		2025-09-18 18:58:51.940353+03:30	180	10
17	1576824324	-1283419712		2025-09-18 18:58:51.932606+03:30	177	10
16	1390099734	1539432208		2025-09-18 18:58:51.92981+03:30	176	10
15	703232952	1603478386		2025-09-18 18:58:51.92596+03:30	175	10
9	306894705	1973991641		2025-09-18 18:58:51.908086+03:30	169	10
8	1798541991	-1068684521		2025-09-18 18:58:51.904331+03:30	168	10
5	1028969550	-214939088		2025-09-18 18:58:51.890799+03:30	165	10
7	336900888	598117624		2025-09-18 18:58:51.898019+03:30	167	10
1	1373424114	-2116467128		2025-09-18 18:58:51.874315+03:30	161	10
13	368058807	807986717		2025-09-18 18:58:51.919823+03:30	173	10
3	494627438	1404035892		2025-09-18 18:58:51.885195+03:30	163	10
11	1994712599	-2073856702		2025-09-18 18:58:51.914361+03:30	171	10
10	1188496662	2107763946		2025-09-18 18:58:51.910522+03:30	170	10
18	863210059	-2032241511		2025-09-18 18:58:51.935354+03:30	178	10
19	1052904486	702050232		2025-09-18 18:58:51.938356+03:30	179	10
21	1	4	good	2025-09-19 11:49:45.91167+03:30	198	10
23	101	4	mmmm	2025-09-26 11:42:21.948452+03:30	209	10
25	101	5	2	2025-09-26 13:10:45.135892+03:30	210	10
\.


--
-- Name: auth_group_id_seq; Type: SEQUENCE SET; Schema: public; Owner: faran
--

SELECT pg_catalog.setval('public.auth_group_id_seq', 1, false);


--
-- Name: auth_group_permissions_id_seq; Type: SEQUENCE SET; Schema: public; Owner: faran
--

SELECT pg_catalog.setval('public.auth_group_permissions_id_seq', 1, false);


--
-- Name: auth_permission_id_seq; Type: SEQUENCE SET; Schema: public; Owner: faran
--

SELECT pg_catalog.setval('public.auth_permission_id_seq', 61, true);


--
-- Name: core_profile_id_seq; Type: SEQUENCE SET; Schema: public; Owner: faran
--

SELECT pg_catalog.setval('public.core_profile_id_seq', 211, true);


--
-- Name: core_user_groups_id_seq; Type: SEQUENCE SET; Schema: public; Owner: faran
--

SELECT pg_catalog.setval('public.core_user_groups_id_seq', 1, false);


--
-- Name: core_user_id_seq; Type: SEQUENCE SET; Schema: public; Owner: faran
--

SELECT pg_catalog.setval('public.core_user_id_seq', 208, true);


--
-- Name: core_user_user_permissions_id_seq; Type: SEQUENCE SET; Schema: public; Owner: faran
--

SELECT pg_catalog.setval('public.core_user_user_permissions_id_seq', 1, false);


--
-- Name: course_category_id_seq; Type: SEQUENCE SET; Schema: public; Owner: faran
--

SELECT pg_catalog.setval('public.course_category_id_seq', 121, true);


--
-- Name: course_course_id_seq; Type: SEQUENCE SET; Schema: public; Owner: faran
--

SELECT pg_catalog.setval('public.course_course_id_seq', 105, true);


--
-- Name: course_enrollment_id_seq; Type: SEQUENCE SET; Schema: public; Owner: faran
--

SELECT pg_catalog.setval('public.course_enrollment_id_seq', 45, true);


--
-- Name: course_lesson_id_seq; Type: SEQUENCE SET; Schema: public; Owner: faran
--

SELECT pg_catalog.setval('public.course_lesson_id_seq', 44, true);


--
-- Name: course_progress_id_seq; Type: SEQUENCE SET; Schema: public; Owner: faran
--

SELECT pg_catalog.setval('public.course_progress_id_seq', 24, true);


--
-- Name: django_admin_log_id_seq; Type: SEQUENCE SET; Schema: public; Owner: faran
--

SELECT pg_catalog.setval('public.django_admin_log_id_seq', 28, true);


--
-- Name: django_content_type_id_seq; Type: SEQUENCE SET; Schema: public; Owner: faran
--

SELECT pg_catalog.setval('public.django_content_type_id_seq', 15, true);


--
-- Name: django_migrations_id_seq; Type: SEQUENCE SET; Schema: public; Owner: faran
--

SELECT pg_catalog.setval('public.django_migrations_id_seq', 26, true);


--
-- Name: notification_notification_id_seq; Type: SEQUENCE SET; Schema: public; Owner: faran
--

SELECT pg_catalog.setval('public.notification_notification_id_seq', 23, true);


--
-- Name: review_review_id_seq; Type: SEQUENCE SET; Schema: public; Owner: faran
--

SELECT pg_catalog.setval('public.review_review_id_seq', 27, true);


--
-- Name: auth_group auth_group_name_key; Type: CONSTRAINT; Schema: public; Owner: faran
--

ALTER TABLE ONLY public.auth_group
    ADD CONSTRAINT auth_group_name_key UNIQUE (name);


--
-- Name: auth_group_permissions auth_group_permissions_group_id_permission_id_0cd325b0_uniq; Type: CONSTRAINT; Schema: public; Owner: faran
--

ALTER TABLE ONLY public.auth_group_permissions
    ADD CONSTRAINT auth_group_permissions_group_id_permission_id_0cd325b0_uniq UNIQUE (group_id, permission_id);


--
-- Name: auth_group_permissions auth_group_permissions_pkey; Type: CONSTRAINT; Schema: public; Owner: faran
--

ALTER TABLE ONLY public.auth_group_permissions
    ADD CONSTRAINT auth_group_permissions_pkey PRIMARY KEY (id);


--
-- Name: auth_group auth_group_pkey; Type: CONSTRAINT; Schema: public; Owner: faran
--

ALTER TABLE ONLY public.auth_group
    ADD CONSTRAINT auth_group_pkey PRIMARY KEY (id);


--
-- Name: auth_permission auth_permission_content_type_id_codename_01ab375a_uniq; Type: CONSTRAINT; Schema: public; Owner: faran
--

ALTER TABLE ONLY public.auth_permission
    ADD CONSTRAINT auth_permission_content_type_id_codename_01ab375a_uniq UNIQUE (content_type_id, codename);


--
-- Name: auth_permission auth_permission_pkey; Type: CONSTRAINT; Schema: public; Owner: faran
--

ALTER TABLE ONLY public.auth_permission
    ADD CONSTRAINT auth_permission_pkey PRIMARY KEY (id);


--
-- Name: core_profile core_profile_pkey; Type: CONSTRAINT; Schema: public; Owner: faran
--

ALTER TABLE ONLY public.core_profile
    ADD CONSTRAINT core_profile_pkey PRIMARY KEY (id);


--
-- Name: core_profile core_profile_user_id_key; Type: CONSTRAINT; Schema: public; Owner: faran
--

ALTER TABLE ONLY public.core_profile
    ADD CONSTRAINT core_profile_user_id_key UNIQUE (user_id);


--
-- Name: core_user core_user_email_key; Type: CONSTRAINT; Schema: public; Owner: faran
--

ALTER TABLE ONLY public.core_user
    ADD CONSTRAINT core_user_email_key UNIQUE (email);


--
-- Name: core_user_groups core_user_groups_pkey; Type: CONSTRAINT; Schema: public; Owner: faran
--

ALTER TABLE ONLY public.core_user_groups
    ADD CONSTRAINT core_user_groups_pkey PRIMARY KEY (id);


--
-- Name: core_user_groups core_user_groups_user_id_group_id_c82fcad1_uniq; Type: CONSTRAINT; Schema: public; Owner: faran
--

ALTER TABLE ONLY public.core_user_groups
    ADD CONSTRAINT core_user_groups_user_id_group_id_c82fcad1_uniq UNIQUE (user_id, group_id);


--
-- Name: core_user core_user_pkey; Type: CONSTRAINT; Schema: public; Owner: faran
--

ALTER TABLE ONLY public.core_user
    ADD CONSTRAINT core_user_pkey PRIMARY KEY (id);


--
-- Name: core_user_user_permissions core_user_user_permissions_pkey; Type: CONSTRAINT; Schema: public; Owner: faran
--

ALTER TABLE ONLY public.core_user_user_permissions
    ADD CONSTRAINT core_user_user_permissions_pkey PRIMARY KEY (id);


--
-- Name: core_user_user_permissions core_user_user_permissions_user_id_permission_id_73ea0daa_uniq; Type: CONSTRAINT; Schema: public; Owner: faran
--

ALTER TABLE ONLY public.core_user_user_permissions
    ADD CONSTRAINT core_user_user_permissions_user_id_permission_id_73ea0daa_uniq UNIQUE (user_id, permission_id);


--
-- Name: core_user core_user_username_key; Type: CONSTRAINT; Schema: public; Owner: faran
--

ALTER TABLE ONLY public.core_user
    ADD CONSTRAINT core_user_username_key UNIQUE (username);


--
-- Name: course_category course_category_pkey; Type: CONSTRAINT; Schema: public; Owner: faran
--

ALTER TABLE ONLY public.course_category
    ADD CONSTRAINT course_category_pkey PRIMARY KEY (id);


--
-- Name: course_course course_course_pkey; Type: CONSTRAINT; Schema: public; Owner: faran
--

ALTER TABLE ONLY public.course_course
    ADD CONSTRAINT course_course_pkey PRIMARY KEY (id);


--
-- Name: course_enrollment course_enrollment_pkey; Type: CONSTRAINT; Schema: public; Owner: faran
--

ALTER TABLE ONLY public.course_enrollment
    ADD CONSTRAINT course_enrollment_pkey PRIMARY KEY (id);


--
-- Name: course_lesson course_lesson_pkey; Type: CONSTRAINT; Schema: public; Owner: faran
--

ALTER TABLE ONLY public.course_lesson
    ADD CONSTRAINT course_lesson_pkey PRIMARY KEY (id);


--
-- Name: course_progress course_progress_pkey; Type: CONSTRAINT; Schema: public; Owner: faran
--

ALTER TABLE ONLY public.course_progress
    ADD CONSTRAINT course_progress_pkey PRIMARY KEY (id);


--
-- Name: debug_toolbar_historyentry debug_toolbar_historyentry_pkey; Type: CONSTRAINT; Schema: public; Owner: faran
--

ALTER TABLE ONLY public.debug_toolbar_historyentry
    ADD CONSTRAINT debug_toolbar_historyentry_pkey PRIMARY KEY (request_id);


--
-- Name: django_admin_log django_admin_log_pkey; Type: CONSTRAINT; Schema: public; Owner: faran
--

ALTER TABLE ONLY public.django_admin_log
    ADD CONSTRAINT django_admin_log_pkey PRIMARY KEY (id);


--
-- Name: django_content_type django_content_type_app_label_model_76bd3d3b_uniq; Type: CONSTRAINT; Schema: public; Owner: faran
--

ALTER TABLE ONLY public.django_content_type
    ADD CONSTRAINT django_content_type_app_label_model_76bd3d3b_uniq UNIQUE (app_label, model);


--
-- Name: django_content_type django_content_type_pkey; Type: CONSTRAINT; Schema: public; Owner: faran
--

ALTER TABLE ONLY public.django_content_type
    ADD CONSTRAINT django_content_type_pkey PRIMARY KEY (id);


--
-- Name: django_migrations django_migrations_pkey; Type: CONSTRAINT; Schema: public; Owner: faran
--

ALTER TABLE ONLY public.django_migrations
    ADD CONSTRAINT django_migrations_pkey PRIMARY KEY (id);


--
-- Name: django_session django_session_pkey; Type: CONSTRAINT; Schema: public; Owner: faran
--

ALTER TABLE ONLY public.django_session
    ADD CONSTRAINT django_session_pkey PRIMARY KEY (session_key);


--
-- Name: notification_notification notification_notification_pkey; Type: CONSTRAINT; Schema: public; Owner: faran
--

ALTER TABLE ONLY public.notification_notification
    ADD CONSTRAINT notification_notification_pkey PRIMARY KEY (id);


--
-- Name: review_review review_review_pkey; Type: CONSTRAINT; Schema: public; Owner: faran
--

ALTER TABLE ONLY public.review_review
    ADD CONSTRAINT review_review_pkey PRIMARY KEY (id);


--
-- Name: course_enrollment unique_course_enrollment; Type: CONSTRAINT; Schema: public; Owner: faran
--

ALTER TABLE ONLY public.course_enrollment
    ADD CONSTRAINT unique_course_enrollment UNIQUE (student_id, course_id);


--
-- Name: course_progress unique_lesson_progress; Type: CONSTRAINT; Schema: public; Owner: faran
--

ALTER TABLE ONLY public.course_progress
    ADD CONSTRAINT unique_lesson_progress UNIQUE (enrollment_id, lesson_id);


--
-- Name: notification_notification unique_notification_per_event; Type: CONSTRAINT; Schema: public; Owner: faran
--

ALTER TABLE ONLY public.notification_notification
    ADD CONSTRAINT unique_notification_per_event UNIQUE (recipient_id, content_type_id, object_id, message);


--
-- Name: review_review unique_review_per_object; Type: CONSTRAINT; Schema: public; Owner: faran
--

ALTER TABLE ONLY public.review_review
    ADD CONSTRAINT unique_review_per_object UNIQUE (reviewer_id, content_type_id, object_id);


--
-- Name: auth_group_name_a6ea08ec_like; Type: INDEX; Schema: public; Owner: faran
--

CREATE INDEX auth_group_name_a6ea08ec_like ON public.auth_group USING btree (name varchar_pattern_ops);


--
-- Name: auth_group_permissions_group_id_b120cbf9; Type: INDEX; Schema: public; Owner: faran
--

CREATE INDEX auth_group_permissions_group_id_b120cbf9 ON public.auth_group_permissions USING btree (group_id);


--
-- Name: auth_group_permissions_permission_id_84c5c92e; Type: INDEX; Schema: public; Owner: faran
--

CREATE INDEX auth_group_permissions_permission_id_84c5c92e ON public.auth_group_permissions USING btree (permission_id);


--
-- Name: auth_permission_content_type_id_2f476e4b; Type: INDEX; Schema: public; Owner: faran
--

CREATE INDEX auth_permission_content_type_id_2f476e4b ON public.auth_permission USING btree (content_type_id);


--
-- Name: core_user_email_92a71487_like; Type: INDEX; Schema: public; Owner: faran
--

CREATE INDEX core_user_email_92a71487_like ON public.core_user USING btree (email varchar_pattern_ops);


--
-- Name: core_user_groups_group_id_fe8c697f; Type: INDEX; Schema: public; Owner: faran
--

CREATE INDEX core_user_groups_group_id_fe8c697f ON public.core_user_groups USING btree (group_id);


--
-- Name: core_user_groups_user_id_70b4d9b8; Type: INDEX; Schema: public; Owner: faran
--

CREATE INDEX core_user_groups_user_id_70b4d9b8 ON public.core_user_groups USING btree (user_id);


--
-- Name: core_user_user_permissions_permission_id_35ccf601; Type: INDEX; Schema: public; Owner: faran
--

CREATE INDEX core_user_user_permissions_permission_id_35ccf601 ON public.core_user_user_permissions USING btree (permission_id);


--
-- Name: core_user_user_permissions_user_id_085123d3; Type: INDEX; Schema: public; Owner: faran
--

CREATE INDEX core_user_user_permissions_user_id_085123d3 ON public.core_user_user_permissions USING btree (user_id);


--
-- Name: core_user_username_36e4f7f7_like; Type: INDEX; Schema: public; Owner: faran
--

CREATE INDEX core_user_username_36e4f7f7_like ON public.core_user USING btree (username varchar_pattern_ops);


--
-- Name: course_category_featured_course_id_1d037ab1; Type: INDEX; Schema: public; Owner: faran
--

CREATE INDEX course_category_featured_course_id_1d037ab1 ON public.course_category USING btree (featured_course_id);


--
-- Name: course_category_slug_5bd6dbe7; Type: INDEX; Schema: public; Owner: faran
--

CREATE INDEX course_category_slug_5bd6dbe7 ON public.course_category USING btree (slug);


--
-- Name: course_category_slug_5bd6dbe7_like; Type: INDEX; Schema: public; Owner: faran
--

CREATE INDEX course_category_slug_5bd6dbe7_like ON public.course_category USING btree (slug varchar_pattern_ops);


--
-- Name: course_course_category_id_0b2127b9; Type: INDEX; Schema: public; Owner: faran
--

CREATE INDEX course_course_category_id_0b2127b9 ON public.course_course USING btree (category_id);


--
-- Name: course_course_instructor_id_0e036d8e; Type: INDEX; Schema: public; Owner: faran
--

CREATE INDEX course_course_instructor_id_0e036d8e ON public.course_course USING btree (instructor_id);


--
-- Name: course_enrollment_course_id_e8e8289f; Type: INDEX; Schema: public; Owner: faran
--

CREATE INDEX course_enrollment_course_id_e8e8289f ON public.course_enrollment USING btree (course_id);


--
-- Name: course_enrollment_student_id_5b9d7470; Type: INDEX; Schema: public; Owner: faran
--

CREATE INDEX course_enrollment_student_id_5b9d7470 ON public.course_enrollment USING btree (student_id);


--
-- Name: course_lesson_course_id_65df4a1c; Type: INDEX; Schema: public; Owner: faran
--

CREATE INDEX course_lesson_course_id_65df4a1c ON public.course_lesson USING btree (course_id);


--
-- Name: course_progress_enrollment_id_0f464839; Type: INDEX; Schema: public; Owner: faran
--

CREATE INDEX course_progress_enrollment_id_0f464839 ON public.course_progress USING btree (enrollment_id);


--
-- Name: course_progress_lesson_id_95437aad; Type: INDEX; Schema: public; Owner: faran
--

CREATE INDEX course_progress_lesson_id_95437aad ON public.course_progress USING btree (lesson_id);


--
-- Name: django_admin_log_content_type_id_c4bce8eb; Type: INDEX; Schema: public; Owner: faran
--

CREATE INDEX django_admin_log_content_type_id_c4bce8eb ON public.django_admin_log USING btree (content_type_id);


--
-- Name: django_admin_log_user_id_c564eba6; Type: INDEX; Schema: public; Owner: faran
--

CREATE INDEX django_admin_log_user_id_c564eba6 ON public.django_admin_log USING btree (user_id);


--
-- Name: django_session_expire_date_a5c62663; Type: INDEX; Schema: public; Owner: faran
--

CREATE INDEX django_session_expire_date_a5c62663 ON public.django_session USING btree (expire_date);


--
-- Name: django_session_session_key_c0390e0f_like; Type: INDEX; Schema: public; Owner: faran
--

CREATE INDEX django_session_session_key_c0390e0f_like ON public.django_session USING btree (session_key varchar_pattern_ops);


--
-- Name: notification_notification_content_type_id_fb7eaecb; Type: INDEX; Schema: public; Owner: faran
--

CREATE INDEX notification_notification_content_type_id_fb7eaecb ON public.notification_notification USING btree (content_type_id);


--
-- Name: notification_notification_recipient_id_e4007781; Type: INDEX; Schema: public; Owner: faran
--

CREATE INDEX notification_notification_recipient_id_e4007781 ON public.notification_notification USING btree (recipient_id);


--
-- Name: review_review_author_id_dcb147c1; Type: INDEX; Schema: public; Owner: faran
--

CREATE INDEX review_review_author_id_dcb147c1 ON public.review_review USING btree (reviewer_id);


--
-- Name: review_review_content_type_id_0c8b8416; Type: INDEX; Schema: public; Owner: faran
--

CREATE INDEX review_review_content_type_id_0c8b8416 ON public.review_review USING btree (content_type_id);


--
-- Name: auth_group_permissions auth_group_permissio_permission_id_84c5c92e_fk_auth_perm; Type: FK CONSTRAINT; Schema: public; Owner: faran
--

ALTER TABLE ONLY public.auth_group_permissions
    ADD CONSTRAINT auth_group_permissio_permission_id_84c5c92e_fk_auth_perm FOREIGN KEY (permission_id) REFERENCES public.auth_permission(id) DEFERRABLE INITIALLY DEFERRED;


--
-- Name: auth_group_permissions auth_group_permissions_group_id_b120cbf9_fk_auth_group_id; Type: FK CONSTRAINT; Schema: public; Owner: faran
--

ALTER TABLE ONLY public.auth_group_permissions
    ADD CONSTRAINT auth_group_permissions_group_id_b120cbf9_fk_auth_group_id FOREIGN KEY (group_id) REFERENCES public.auth_group(id) DEFERRABLE INITIALLY DEFERRED;


--
-- Name: auth_permission auth_permission_content_type_id_2f476e4b_fk_django_co; Type: FK CONSTRAINT; Schema: public; Owner: faran
--

ALTER TABLE ONLY public.auth_permission
    ADD CONSTRAINT auth_permission_content_type_id_2f476e4b_fk_django_co FOREIGN KEY (content_type_id) REFERENCES public.django_content_type(id) DEFERRABLE INITIALLY DEFERRED;


--
-- Name: core_profile core_profile_user_id_bf8ada58_fk_core_user_id; Type: FK CONSTRAINT; Schema: public; Owner: faran
--

ALTER TABLE ONLY public.core_profile
    ADD CONSTRAINT core_profile_user_id_bf8ada58_fk_core_user_id FOREIGN KEY (user_id) REFERENCES public.core_user(id) DEFERRABLE INITIALLY DEFERRED;


--
-- Name: core_user_groups core_user_groups_group_id_fe8c697f_fk_auth_group_id; Type: FK CONSTRAINT; Schema: public; Owner: faran
--

ALTER TABLE ONLY public.core_user_groups
    ADD CONSTRAINT core_user_groups_group_id_fe8c697f_fk_auth_group_id FOREIGN KEY (group_id) REFERENCES public.auth_group(id) DEFERRABLE INITIALLY DEFERRED;


--
-- Name: core_user_groups core_user_groups_user_id_70b4d9b8_fk_core_user_id; Type: FK CONSTRAINT; Schema: public; Owner: faran
--

ALTER TABLE ONLY public.core_user_groups
    ADD CONSTRAINT core_user_groups_user_id_70b4d9b8_fk_core_user_id FOREIGN KEY (user_id) REFERENCES public.core_user(id) DEFERRABLE INITIALLY DEFERRED;


--
-- Name: core_user_user_permissions core_user_user_permi_permission_id_35ccf601_fk_auth_perm; Type: FK CONSTRAINT; Schema: public; Owner: faran
--

ALTER TABLE ONLY public.core_user_user_permissions
    ADD CONSTRAINT core_user_user_permi_permission_id_35ccf601_fk_auth_perm FOREIGN KEY (permission_id) REFERENCES public.auth_permission(id) DEFERRABLE INITIALLY DEFERRED;


--
-- Name: core_user_user_permissions core_user_user_permissions_user_id_085123d3_fk_core_user_id; Type: FK CONSTRAINT; Schema: public; Owner: faran
--

ALTER TABLE ONLY public.core_user_user_permissions
    ADD CONSTRAINT core_user_user_permissions_user_id_085123d3_fk_core_user_id FOREIGN KEY (user_id) REFERENCES public.core_user(id) DEFERRABLE INITIALLY DEFERRED;


--
-- Name: course_category course_category_featured_course_id_1d037ab1_fk_course_course_id; Type: FK CONSTRAINT; Schema: public; Owner: faran
--

ALTER TABLE ONLY public.course_category
    ADD CONSTRAINT course_category_featured_course_id_1d037ab1_fk_course_course_id FOREIGN KEY (featured_course_id) REFERENCES public.course_course(id) DEFERRABLE INITIALLY DEFERRED;


--
-- Name: course_course course_course_category_id_0b2127b9_fk_course_category_id; Type: FK CONSTRAINT; Schema: public; Owner: faran
--

ALTER TABLE ONLY public.course_course
    ADD CONSTRAINT course_course_category_id_0b2127b9_fk_course_category_id FOREIGN KEY (category_id) REFERENCES public.course_category(id) DEFERRABLE INITIALLY DEFERRED;


--
-- Name: course_course course_course_instructor_id_0e036d8e_fk_core_profile_id; Type: FK CONSTRAINT; Schema: public; Owner: faran
--

ALTER TABLE ONLY public.course_course
    ADD CONSTRAINT course_course_instructor_id_0e036d8e_fk_core_profile_id FOREIGN KEY (instructor_id) REFERENCES public.core_profile(id) DEFERRABLE INITIALLY DEFERRED;


--
-- Name: course_enrollment course_enrollment_course_id_e8e8289f_fk_course_course_id; Type: FK CONSTRAINT; Schema: public; Owner: faran
--

ALTER TABLE ONLY public.course_enrollment
    ADD CONSTRAINT course_enrollment_course_id_e8e8289f_fk_course_course_id FOREIGN KEY (course_id) REFERENCES public.course_course(id) DEFERRABLE INITIALLY DEFERRED;


--
-- Name: course_enrollment course_enrollment_student_id_5b9d7470_fk_core_profile_id; Type: FK CONSTRAINT; Schema: public; Owner: faran
--

ALTER TABLE ONLY public.course_enrollment
    ADD CONSTRAINT course_enrollment_student_id_5b9d7470_fk_core_profile_id FOREIGN KEY (student_id) REFERENCES public.core_profile(id) DEFERRABLE INITIALLY DEFERRED;


--
-- Name: course_lesson course_lesson_course_id_65df4a1c_fk_course_course_id; Type: FK CONSTRAINT; Schema: public; Owner: faran
--

ALTER TABLE ONLY public.course_lesson
    ADD CONSTRAINT course_lesson_course_id_65df4a1c_fk_course_course_id FOREIGN KEY (course_id) REFERENCES public.course_course(id) DEFERRABLE INITIALLY DEFERRED;


--
-- Name: course_progress course_progress_enrollment_id_0f464839_fk_course_enrollment_id; Type: FK CONSTRAINT; Schema: public; Owner: faran
--

ALTER TABLE ONLY public.course_progress
    ADD CONSTRAINT course_progress_enrollment_id_0f464839_fk_course_enrollment_id FOREIGN KEY (enrollment_id) REFERENCES public.course_enrollment(id) DEFERRABLE INITIALLY DEFERRED;


--
-- Name: course_progress course_progress_lesson_id_95437aad_fk_course_lesson_id; Type: FK CONSTRAINT; Schema: public; Owner: faran
--

ALTER TABLE ONLY public.course_progress
    ADD CONSTRAINT course_progress_lesson_id_95437aad_fk_course_lesson_id FOREIGN KEY (lesson_id) REFERENCES public.course_lesson(id) DEFERRABLE INITIALLY DEFERRED;


--
-- Name: django_admin_log django_admin_log_content_type_id_c4bce8eb_fk_django_co; Type: FK CONSTRAINT; Schema: public; Owner: faran
--

ALTER TABLE ONLY public.django_admin_log
    ADD CONSTRAINT django_admin_log_content_type_id_c4bce8eb_fk_django_co FOREIGN KEY (content_type_id) REFERENCES public.django_content_type(id) DEFERRABLE INITIALLY DEFERRED;


--
-- Name: django_admin_log django_admin_log_user_id_c564eba6_fk_core_user_id; Type: FK CONSTRAINT; Schema: public; Owner: faran
--

ALTER TABLE ONLY public.django_admin_log
    ADD CONSTRAINT django_admin_log_user_id_c564eba6_fk_core_user_id FOREIGN KEY (user_id) REFERENCES public.core_user(id) DEFERRABLE INITIALLY DEFERRED;


--
-- Name: notification_notification notification_notific_content_type_id_fb7eaecb_fk_django_co; Type: FK CONSTRAINT; Schema: public; Owner: faran
--

ALTER TABLE ONLY public.notification_notification
    ADD CONSTRAINT notification_notific_content_type_id_fb7eaecb_fk_django_co FOREIGN KEY (content_type_id) REFERENCES public.django_content_type(id) DEFERRABLE INITIALLY DEFERRED;


--
-- Name: notification_notification notification_notific_recipient_id_e4007781_fk_core_prof; Type: FK CONSTRAINT; Schema: public; Owner: faran
--

ALTER TABLE ONLY public.notification_notification
    ADD CONSTRAINT notification_notific_recipient_id_e4007781_fk_core_prof FOREIGN KEY (recipient_id) REFERENCES public.core_profile(id) DEFERRABLE INITIALLY DEFERRED;


--
-- Name: review_review review_review_content_type_id_0c8b8416_fk_django_co; Type: FK CONSTRAINT; Schema: public; Owner: faran
--

ALTER TABLE ONLY public.review_review
    ADD CONSTRAINT review_review_content_type_id_0c8b8416_fk_django_co FOREIGN KEY (content_type_id) REFERENCES public.django_content_type(id) DEFERRABLE INITIALLY DEFERRED;


--
-- Name: review_review review_review_reviewer_id_3cc1d98b_fk_core_profile_id; Type: FK CONSTRAINT; Schema: public; Owner: faran
--

ALTER TABLE ONLY public.review_review
    ADD CONSTRAINT review_review_reviewer_id_3cc1d98b_fk_core_profile_id FOREIGN KEY (reviewer_id) REFERENCES public.core_profile(id) DEFERRABLE INITIALLY DEFERRED;


--
-- PostgreSQL database dump complete
--

